sale_id,customer_id,vehicle_id,sale_date,brand,model,location,dealer_id,selling_price,trade_in_used
SAL-00001,CUS-00001,VEH-00497,2025-01-24,Maruti Suzuki,Swift,Delhi,DLR-DEL-02,628739,true
SAL-00002,CUS-00002,VEH-00712,2025-01-25,Kia,Seltos,Mumbai,DLR-MUM-02,1481994,false
SAL-00003,CUS-00003,VEH-00663,2025-01-29,Maruti Suzuki,Baleno,Chennai,DLR-CHN-01,734591,false
SAL-00004,CUS-00004,VEH-00030,2025-02-15,Mahindra,Scorpio-N,Delhi,DLR-DEL-03,2256623,true
SAL-00005,CUS-00005,VEH-00435,2025-02-16,Maruti Suzuki,Baleno,Bengaluru,DLR-BLR-01,794659,true
SAL-00006,CUS-00006,VEH-00099,2025-02-17,Hyundai,Venue,Mumbai,DLR-MUM-03,961332,true
SAL-00007,CUS-00007,VEH-00323,2025-02-19,Mahindra,Scorpio-N,Delhi,DLR-DEL-03,1783908,false
SAL-00008,CUS-00008,VEH-00596,2025-02-26,MG,Hector,Mumbai,DLR-MUM-02,2093483,true
SAL-00009,CUS-00009,VEH-00694,2025-03-01,Mahindra,XUV700,Bengaluru,DLR-BLR-01,2519189,true
SAL-00010,CUS-00010,VEH-00486,2025-03-05,Maruti Suzuki,Swift,Ahmedabad,DLR-AMD-01,728019,false
SAL-00011,CUS-00011,VEH-00737,2025-03-06,Mahindra,XUV700,Gurgaon,DLR-GGN-02,2215590,true
SAL-00012,CUS-00012,VEH-00043,2025-03-07,Hyundai,Creta,Bengaluru,DLR-BLR-03,1670363,false
SAL-00013,CUS-00013,VEH-00291,2025-03-09,Tata,Nexon,Delhi,DLR-DEL-03,1683968,true
SAL-00014,CUS-00014,VEH-00174,2025-03-10,Skoda,Kushaq,Bengaluru,DLR-BLR-03,1702788,false
SAL-00015,CUS-00015,VEH-00678,2025-03-12,Maruti Suzuki,Swift,Ahmedabad,DLR-AMD-02,765326,true
SAL-00016,CUS-00016,VEH-00109,2025-03-13,Hyundai,Venue,Delhi,DLR-DEL-02,1021109,true
SAL-00017,CUS-00017,VEH-00520,2025-03-18,Hyundai,Venue,Bengaluru,DLR-BLR-01,1116591,true
SAL-00018,CUS-00018,VEH-00121,2025-03-21,Mahindra,XUV700,Gurgaon,DLR-GGN-01,2509995,false
SAL-00019,CUS-00019,VEH-00903,2025-03-25,Mahindra,Thar,Gurgaon,DLR-GGN-01,1735579,false
SAL-00020,CUS-00020,VEH-00038,2025-03-26,Tata,Nexon,Hyderabad,DLR-HYD-01,1347076,true
SAL-00021,CUS-00021,VEH-00452,2025-03-28,Hyundai,i20,Chennai,DLR-CHN-03,788810,true
SAL-00022,CUS-00022,VEH-00416,2025-03-31,Hyundai,Creta,Bengaluru,DLR-BLR-03,1503532,false
SAL-00023,CUS-00023,VEH-00851,2025-04-02,Tata,Nexon,Pune,DLR-PUN-01,1343050,true
SAL-00024,CUS-00024,VEH-00513,2025-04-04,Mahindra,XUV700,Delhi,DLR-DEL-02,1949996,true
SAL-00025,CUS-00025,VEH-00892,2025-04-06,Toyota,Innova Hycross,Mumbai,DLR-MUM-01,2804971,true
SAL-00026,CUS-00026,VEH-00740,2025-04-08,Hyundai,Creta,Bengaluru,DLR-BLR-03,1502639,false
SAL-00027,CUS-00027,VEH-00262,2025-04-09,Maruti Suzuki,Swift,Ahmedabad,DLR-AMD-02,666615,false
SAL-00028,CUS-00028,VEH-00037,2025-04-10,Maruti Suzuki,Baleno,Mumbai,DLR-MUM-02,884067,false
SAL-00029,CUS-00029,VEH-00615,2025-04-10,Maruti Suzuki,Baleno,Delhi,DLR-DEL-03,849703,true
SAL-00030,CUS-00030,VEH-00814,2025-04-10,Tata,Nexon,Ahmedabad,DLR-AMD-02,1550606,false
SAL-00031,CUS-00031,VEH-00059,2025-04-12,Hyundai,Creta,Chennai,DLR-CHN-01,1626164,true
SAL-00032,CUS-00032,VEH-00723,2025-04-12,Maruti Suzuki,Ertiga,Bengaluru,DLR-BLR-02,1230840,true
SAL-00033,CUS-00033,VEH-00974,2025-04-12,Kia,Seltos,Delhi,DLR-DEL-02,1490289,false
SAL-00034,CUS-00034,VEH-00233,2025-04-15,Hyundai,Creta,Gurgaon,DLR-GGN-02,1732931,true
SAL-00035,CUS-00035,VEH-00032,2025-04-19,Maruti Suzuki,Swift,Ahmedabad,DLR-AMD-01,765557,false
SAL-00036,CUS-00036,VEH-00232,2025-04-19,Hyundai,Creta,Gurgaon,DLR-GGN-02,1957086,false
SAL-00037,CUS-00037,VEH-00956,2025-04-19,Maruti Suzuki,Brezza,Gurgaon,DLR-GGN-01,1074708,true
SAL-00038,CUS-00038,VEH-00113,2025-04-21,Tata,Nexon,Mumbai,DLR-MUM-02,1673971,false
SAL-00039,CUS-00039,VEH-00527,2025-04-21,Hyundai,Creta,Mumbai,DLR-MUM-01,1458660,false
SAL-00040,CUS-00040,VEH-00989,2025-04-21,Tata,Nexon,Bengaluru,DLR-BLR-01,1342852,false
SAL-00041,CUS-00041,VEH-00421,2025-04-22,Maruti Suzuki,Baleno,Bengaluru,DLR-BLR-02,734855,true
SAL-00042,CUS-00042,VEH-00781,2025-04-23,Maruti Suzuki,Swift,Mumbai,DLR-MUM-02,739977,true
SAL-00043,CUS-00043,VEH-00864,2025-04-25,Hyundai,Creta,Chennai,DLR-CHN-01,1670304,false
SAL-00044,CUS-00044,VEH-00803,2025-04-26,Tata,Nexon,Pune,DLR-PUN-01,1580377,false
SAL-00045,CUS-00045,VEH-00619,2025-04-27,Maruti Suzuki,Swift,Mumbai,DLR-MUM-01,760073,false
SAL-00046,CUS-00046,VEH-00728,2025-04-27,Hyundai,Creta,Chennai,DLR-CHN-01,1598599,false
SAL-00047,CUS-00047,VEH-00183,2025-04-29,Honda,City,Delhi,DLR-DEL-01,1448759,false
SAL-00048,CUS-00048,VEH-00957,2025-04-30,Tata,Nexon,Hyderabad,DLR-HYD-01,1633095,false
SAL-00049,CUS-00049,VEH-00110,2025-05-01,Kia,Seltos,Bengaluru,DLR-BLR-03,1689779,true
SAL-00050,CUS-00050,VEH-00499,2025-05-06,Mahindra,Thar,Hyderabad,DLR-HYD-01,1541356,true
SAL-00051,CUS-00051,VEH-00630,2025-05-08,Hyundai,Creta,Delhi,DLR-DEL-03,1816118,false
SAL-00052,CUS-00052,VEH-00667,2025-05-08,Maruti Suzuki,Brezza,Hyderabad,DLR-HYD-01,1138577,false
SAL-00053,CUS-00053,VEH-00138,2025-05-09,Tata,Nexon,Delhi,DLR-DEL-01,1122663,false
SAL-00054,CUS-00054,VEH-00427,2025-05-09,Tata,Nexon,Gurgaon,DLR-GGN-02,1466957,false
SAL-00055,CUS-00055,VEH-00318,2025-05-12,Honda,City,Mumbai,DLR-MUM-02,1356877,false
SAL-00056,CUS-00056,VEH-00349,2025-05-16,Hyundai,Creta,Ahmedabad,DLR-AMD-01,1674965,true
SAL-00057,CUS-00057,VEH-00158,2025-05-17,Maruti Suzuki,Swift,Mumbai,DLR-MUM-03,691570,false
SAL-00058,CUS-00058,VEH-00371,2025-05-17,Volkswagen,Virtus,Delhi,DLR-DEL-02,1518856,true
SAL-00059,CUS-00059,VEH-00458,2025-05-17,Mahindra,XUV700,Mumbai,DLR-MUM-01,2141218,false
SAL-00060,CUS-00060,VEH-00111,2025-05-18,Toyota,Innova Hycross,Hyderabad,DLR-HYD-02,3207218,true
SAL-00061,CUS-00061,VEH-00055,2025-05-19,Maruti Suzuki,Swift,Ahmedabad,DLR-AMD-02,688814,false
SAL-00062,CUS-00062,VEH-00234,2025-05-20,Maruti Suzuki,Ertiga,Hyderabad,DLR-HYD-01,1122239,false
SAL-00063,CUS-00063,VEH-00108,2025-05-21,Hyundai,Venue,Mumbai,DLR-MUM-01,1140974,false
SAL-00064,CUS-00064,VEH-00591,2025-05-21,Skoda,Kushaq,Hyderabad,DLR-HYD-02,1691365,false
SAL-00065,CUS-00065,VEH-00606,2025-05-22,Mahindra,Thar,Ahmedabad,DLR-AMD-01,1979006,false
SAL-00066,CUS-00066,VEH-00891,2025-05-22,Maruti Suzuki,Baleno,Hyderabad,DLR-HYD-02,872148,true
SAL-00067,CUS-00067,VEH-00061,2025-05-25,Tata,Nexon,Mumbai,DLR-MUM-02,1593022,false
SAL-00068,CUS-00068,VEH-00350,2025-05-25,Kia,Seltos,Hyderabad,DLR-HYD-02,1335433,false
SAL-00069,CUS-00069,VEH-00210,2025-05-27,Skoda,Kushaq,Hyderabad,DLR-HYD-02,1298235,true
SAL-00070,CUS-00070,VEH-00602,2025-05-27,Maruti Suzuki,Swift,Hyderabad,DLR-HYD-02,662870,true
SAL-00071,CUS-00071,VEH-00749,2025-05-27,Hyundai,Creta,Mumbai,DLR-MUM-02,1796307,true
SAL-00072,CUS-00072,VEH-00007,2025-05-28,Maruti Suzuki,Brezza,Gurgaon,DLR-GGN-02,993925,false
SAL-00073,CUS-00073,VEH-00493,2025-05-28,Kia,Seltos,Pune,DLR-PUN-03,1683476,true
SAL-00074,CUS-00074,VEH-00817,2025-05-30,Tata,Nexon,Chennai,DLR-CHN-03,1176352,true
SAL-00075,CUS-00075,VEH-00595,2025-06-04,Maruti Suzuki,Baleno,Chennai,DLR-CHN-02,759213,false
SAL-00076,CUS-00076,VEH-00315,2025-06-07,Mahindra,Thar,Mumbai,DLR-MUM-02,1897007,false
SAL-00077,CUS-00077,VEH-00320,2025-06-09,Hyundai,Venue,Bengaluru,DLR-BLR-02,1100333,false
SAL-00078,CUS-00078,VEH-00695,2025-06-10,Volkswagen,Virtus,Bengaluru,DLR-BLR-03,1425805,false
SAL-00079,CUS-00079,VEH-00669,2025-06-11,Hyundai,i20,Chennai,DLR-CHN-02,887544,false
SAL-00080,CUS-00080,VEH-00714,2025-06-11,Maruti Suzuki,Swift,Mumbai,DLR-MUM-02,771569,true
SAL-00081,CUS-00081,VEH-00148,2025-06-12,Maruti Suzuki,Brezza,Pune,DLR-PUN-03,1125034,false
SAL-00082,CUS-00082,VEH-00300,2025-06-15,Maruti Suzuki,Baleno,Pune,DLR-PUN-03,791191,false
SAL-00083,CUS-00083,VEH-00022,2025-06-16,Tata,Nexon,Pune,DLR-PUN-01,1524620,false
SAL-00084,CUS-00084,VEH-00266,2025-06-16,Toyota,Innova Hycross,Mumbai,DLR-MUM-03,2989227,false
SAL-00085,CUS-00085,VEH-00834,2025-06-16,Maruti Suzuki,Baleno,Hyderabad,DLR-HYD-01,791609,false
SAL-00086,CUS-00086,VEH-00281,2025-06-18,Mahindra,Scorpio-N,Pune,DLR-PUN-03,2266629,false
SAL-00087,CUS-00087,VEH-00054,2025-06-19,Volkswagen,Virtus,Pune,DLR-PUN-01,1674778,false
SAL-00088,CUS-00088,VEH-00698,2025-06-20,Hyundai,Creta,Bengaluru,DLR-BLR-03,1912060,true
SAL-00089,CUS-00089,VEH-00271,2025-06-23,Maruti Suzuki,Swift,Mumbai,DLR-MUM-01,726382,false
SAL-00090,CUS-00090,VEH-00697,2025-06-23,MG,Hector,Mumbai,DLR-MUM-03,1818917,true
SAL-00091,CUS-00091,VEH-00190,2025-06-24,BMW,3 Series,Chennai,DLR-CHN-03,5910666,false
SAL-00092,CUS-00092,VEH-00501,2025-06-24,Mahindra,Thar,Mumbai,DLR-MUM-02,1830446,true
SAL-00093,CUS-00093,VEH-00629,2025-06-24,Hyundai,Venue,Chennai,DLR-CHN-02,928149,false
SAL-00094,CUS-00094,VEH-00012,2025-06-25,Mahindra,Scorpio-N,Gurgaon,DLR-GGN-01,2082710,false
SAL-00095,CUS-00095,VEH-00215,2025-06-25,Maruti Suzuki,Swift,Bengaluru,DLR-BLR-01,697728,true
SAL-00096,CUS-00096,VEH-00451,2025-06-25,Mahindra,Thar,Chennai,DLR-CHN-03,1490944,false
SAL-00097,CUS-00097,VEH-00590,2025-06-26,Hyundai,Creta,Pune,DLR-PUN-03,1776735,false
SAL-00098,CUS-00098,VEH-00700,2025-06-27,Hyundai,Creta,Pune,DLR-PUN-01,1536866,false
SAL-00099,CUS-00099,VEH-00346,2025-07-03,Hyundai,Creta,Hyderabad,DLR-HYD-02,1714389,true
SAL-00100,CUS-00100,VEH-00665,2025-07-03,Hyundai,Venue,Chennai,DLR-CHN-03,1251273,true
SAL-00101,CUS-00101,VEH-00130,2025-07-06,Maruti Suzuki,Swift,Delhi,DLR-DEL-02,757609,false
SAL-00102,CUS-00102,VEH-00114,2025-07-07,Hyundai,Creta,Hyderabad,DLR-HYD-02,2044000,false
SAL-00103,CUS-00103,VEH-00726,2025-07-07,Mahindra,Thar,Mumbai,DLR-MUM-02,1894047,false
SAL-00104,CUS-00104,VEH-00019,2025-07-08,Hyundai,Venue,Gurgaon,DLR-GGN-02,1046152,true
SAL-00105,CUS-00105,VEH-00699,2025-07-09,Hyundai,i20,Mumbai,DLR-MUM-01,836684,false
SAL-00106,CUS-00106,VEH-00152,2025-07-10,Maruti Suzuki,Baleno,Pune,DLR-PUN-02,837043,true
SAL-00107,CUS-00107,VEH-00654,2025-07-13,Hyundai,i20,Mumbai,DLR-MUM-01,977423,false
SAL-00108,CUS-00108,VEH-00604,2025-07-15,Maruti Suzuki,Swift,Bengaluru,DLR-BLR-03,651365,false
SAL-00109,CUS-00109,VEH-00407,2025-07-17,Tata,Nexon,Hyderabad,DLR-HYD-02,1786795,false
SAL-00110,CUS-00110,VEH-00807,2025-07-18,Toyota,Innova Hycross,Pune,DLR-PUN-02,2407342,true
SAL-00111,CUS-00111,VEH-00304,2025-07-19,Tata,Nexon,Pune,DLR-PUN-02,1600839,false
SAL-00112,CUS-00112,VEH-00993,2025-07-19,Hyundai,Creta,Bengaluru,DLR-BLR-02,1673930,true
SAL-00113,CUS-00113,VEH-00626,2025-07-23,Maruti Suzuki,Swift,Hyderabad,DLR-HYD-01,650615,false
SAL-00114,CUS-00114,VEH-00075,2025-07-24,Honda,City,Mumbai,DLR-MUM-01,1487296,true
SAL-00115,CUS-00115,VEH-00221,2025-07-24,Mahindra,Thar,Pune,DLR-PUN-03,1915895,false
SAL-00116,CUS-00116,VEH-00871,2025-07-25,Kia,Seltos,Gurgaon,DLR-GGN-01,1608030,true
SAL-00117,CUS-00117,VEH-00469,2025-07-28,Hyundai,Creta,Delhi,DLR-DEL-03,1673553,false
SAL-00118,CUS-00118,VEH-00896,2025-07-28,Maruti Suzuki,Ertiga,Ahmedabad,DLR-AMD-01,1089544,false
SAL-00119,CUS-00119,VEH-00249,2025-07-29,Hyundai,i20,Hyderabad,DLR-HYD-01,951291,false
SAL-00120,CUS-00120,VEH-00013,2025-07-30,Hyundai,Creta,Hyderabad,DLR-HYD-02,1590059,true
SAL-00121,CUS-00121,VEH-00372,2025-07-30,Maruti Suzuki,Brezza,Gurgaon,DLR-GGN-02,1094399,false
SAL-00122,CUS-00122,VEH-00565,2025-08-01,Maruti Suzuki,Ertiga,Pune,DLR-PUN-02,1253465,true
SAL-00123,CUS-00123,VEH-00585,2025-08-01,Maruti Suzuki,Baleno,Ahmedabad,DLR-AMD-01,810098,false
SAL-00124,CUS-00124,VEH-00648,2025-08-01,Skoda,Kushaq,Mumbai,DLR-MUM-02,1307808,false
SAL-00125,CUS-00125,VEH-00876,2025-08-01,Hyundai,i20,Pune,DLR-PUN-03,852238,false
SAL-00126,CUS-00126,VEH-00336,2025-08-02,Skoda,Kushaq,Delhi,DLR-DEL-01,1311061,false
SAL-00127,CUS-00127,VEH-00216,2025-08-03,Hyundai,Creta,Bengaluru,DLR-BLR-01,1816864,false
SAL-00128,CUS-00128,VEH-00995,2025-08-03,Tata,Nexon,Ahmedabad,DLR-AMD-01,1384140,false
SAL-00129,CUS-00129,VEH-00954,2025-08-04,Mahindra,XUV700,Delhi,DLR-DEL-03,1958777,false
SAL-00130,CUS-00130,VEH-00103,2025-08-05,Hyundai,i20,Gurgaon,DLR-GGN-02,946021,false
SAL-00131,CUS-00131,VEH-00521,2025-08-05,Hyundai,i20,Chennai,DLR-CHN-01,792214,false
SAL-00132,CUS-00132,VEH-00988,2025-08-05,Kia,Seltos,Chennai,DLR-CHN-02,1622527,false
SAL-00133,CUS-00133,VEH-00567,2025-08-06,Tata,Nexon,Delhi,DLR-DEL-03,1775552,false
SAL-00134,CUS-00134,VEH-00162,2025-08-07,Tata,Nexon,Hyderabad,DLR-HYD-02,1017312,true
SAL-00135,CUS-00135,VEH-00397,2025-08-08,Tata,Nexon,Mumbai,DLR-MUM-03,1159303,true
SAL-00136,CUS-00136,VEH-00779,2025-08-08,Maruti Suzuki,Brezza,Chennai,DLR-CHN-01,1169155,true
SAL-00137,CUS-00137,VEH-00067,2025-08-09,Tata,Nexon,Mumbai,DLR-MUM-01,1826756,false
SAL-00138,CUS-00138,VEH-00432,2025-08-10,Hyundai,Creta,Bengaluru,DLR-BLR-03,1761416,false
SAL-00139,CUS-00139,VEH-00523,2025-08-11,Maruti Suzuki,Baleno,Pune,DLR-PUN-03,858046,false
SAL-00140,CUS-00140,VEH-00558,2025-08-11,Hyundai,i20,Pune,DLR-PUN-01,835398,false
SAL-00141,CUS-00141,VEH-00538,2025-08-15,Volkswagen,Virtus,Delhi,DLR-DEL-03,1590191,false
SAL-00142,CUS-00142,VEH-00473,2025-08-16,Kia,Seltos,Bengaluru,DLR-BLR-03,1692131,false
SAL-00143,CUS-00143,VEH-00824,2025-08-16,Maruti Suzuki,Baleno,Delhi,DLR-DEL-02,848800,true
SAL-00144,CUS-00144,VEH-00383,2025-08-17,Tata,Nexon,Mumbai,DLR-MUM-01,1542651,true
SAL-00145,CUS-00145,VEH-00914,2025-08-18,Maruti Suzuki,Swift,Mumbai,DLR-MUM-03,773693,false
SAL-00146,CUS-00146,VEH-00556,2025-08-19,Maruti Suzuki,Ertiga,Bengaluru,DLR-BLR-01,1208814,false
SAL-00147,CUS-00147,VEH-00018,2025-08-20,Maruti Suzuki,Swift,Gurgaon,DLR-GGN-02,781280,true
SAL-00148,CUS-00148,VEH-00632,2025-08-20,Tata,Nexon,Pune,DLR-PUN-03,1657317,false
SAL-00149,CUS-00149,VEH-00809,2025-08-20,Mahindra,Thar,Hyderabad,DLR-HYD-01,1577456,true
SAL-00150,CUS-00150,VEH-00095,2025-08-22,Hyundai,Creta,Hyderabad,DLR-HYD-02,1805736,false
SAL-00151,CUS-00151,VEH-00122,2025-08-23,Maruti Suzuki,Brezza,Mumbai,DLR-MUM-03,1291675,true
SAL-00152,CUS-00152,VEH-00434,2025-08-25,Hyundai,Creta,Bengaluru,DLR-BLR-01,1865213,false
SAL-00153,CUS-00153,VEH-00481,2025-08-25,Honda,City,Chennai,DLR-CHN-03,1445261,false
SAL-00154,CUS-00154,VEH-00702,2025-08-26,Toyota,Innova Hycross,Bengaluru,DLR-BLR-02,3012406,false
SAL-00155,CUS-00155,VEH-00731,2025-08-28,Tata,Nexon,Bengaluru,DLR-BLR-02,1018484,false
SAL-00156,CUS-00156,VEH-00335,2025-08-29,Hyundai,Creta,Bengaluru,DLR-BLR-03,2018798,true
SAL-00157,CUS-00157,VEH-00775,2025-08-29,Hyundai,Venue,Delhi,DLR-DEL-02,1076601,true
SAL-00158,CUS-00158,VEH-00787,2025-08-29,BMW,3 Series,Delhi,DLR-DEL-01,5696611,false
SAL-00159,CUS-00159,VEH-00385,2025-08-30,Mahindra,Thar,Gurgaon,DLR-GGN-02,1530508,false
SAL-00160,CUS-00160,VEH-00079,2025-08-31,Hyundai,Creta,Chennai,DLR-CHN-01,1347508,false
SAL-00161,CUS-00161,VEH-00833,2025-08-31,Maruti Suzuki,Baleno,Gurgaon,DLR-GGN-02,792065,false
SAL-00162,CUS-00162,VEH-00405,2025-09-01,Maruti Suzuki,Ertiga,Hyderabad,DLR-HYD-01,1010910,true
SAL-00163,CUS-00163,VEH-00268,2025-09-02,Hyundai,Venue,Mumbai,DLR-MUM-03,1088536,false
SAL-00164,CUS-00164,VEH-00480,2025-09-02,Maruti Suzuki,Ertiga,Mumbai,DLR-MUM-03,1253508,true
SAL-00165,CUS-00165,VEH-00136,2025-09-03,Hyundai,Venue,Pune,DLR-PUN-02,1155974,true
SAL-00166,CUS-00166,VEH-00861,2025-09-04,Hyundai,i20,Gurgaon,DLR-GGN-01,818324,false
SAL-00167,CUS-00167,VEH-00736,2025-09-06,Maruti Suzuki,Swift,Ahmedabad,DLR-AMD-02,659697,false
SAL-00168,CUS-00168,VEH-00033,2025-09-07,Mahindra,Thar,Gurgaon,DLR-GGN-01,1860946,false
SAL-00169,CUS-00169,VEH-00404,2025-09-07,Mahindra,XUV700,Chennai,DLR-CHN-02,2597537,false
SAL-00170,CUS-00170,VEH-00429,2025-09-08,BMW,3 Series,Delhi,DLR-DEL-02,5860362,false
SAL-00171,CUS-00171,VEH-00713,2025-09-08,Maruti Suzuki,Baleno,Ahmedabad,DLR-AMD-02,756269,true
SAL-00172,CUS-00172,VEH-00107,2025-09-10,Hyundai,Creta,Delhi,DLR-DEL-01,1522319,false
SAL-00173,CUS-00173,VEH-00310,2025-09-10,Maruti Suzuki,Swift,Bengaluru,DLR-BLR-03,762482,false
SAL-00174,CUS-00174,VEH-00918,2025-09-10,Hyundai,Creta,Mumbai,DLR-MUM-03,1643244,true
SAL-00175,CUS-00175,VEH-00301,2025-09-11,Hyundai,Creta,Hyderabad,DLR-HYD-02,1662460,false
SAL-00176,CUS-00176,VEH-00804,2025-09-11,Hyundai,Creta,Hyderabad,DLR-HYD-02,1590166,false
SAL-00177,CUS-00177,VEH-00144,2025-09-16,Maruti Suzuki,Ertiga,Chennai,DLR-CHN-02,1231427,true
SAL-00178,CUS-00178,VEH-00848,2025-09-16,Tata,Nexon,Chennai,DLR-CHN-02,1872161,false
SAL-00179,CUS-00179,VEH-00217,2025-09-17,Tata,Nexon,Gurgaon,DLR-GGN-02,1091232,false
SAL-00180,CUS-00180,VEH-00969,2025-09-18,MG,Hector,Hyderabad,DLR-HYD-02,2011433,true
SAL-00181,CUS-00181,VEH-00280,2025-09-20,Hyundai,Venue,Bengaluru,DLR-BLR-02,1096948,true
SAL-00182,CUS-00182,VEH-00009,2025-09-21,Mahindra,Thar,Chennai,DLR-CHN-03,1842748,false
SAL-00183,CUS-00183,VEH-00519,2025-09-22,Hyundai,Creta,Bengaluru,DLR-BLR-03,1708399,false
SAL-00184,CUS-00184,VEH-00583,2025-09-26,Hyundai,Creta,Hyderabad,DLR-HYD-01,1815441,false
SAL-00185,CUS-00185,VEH-00425,2025-09-27,Maruti Suzuki,Ertiga,Chennai,DLR-CHN-01,1224277,false
SAL-00186,CUS-00186,VEH-00488,2025-09-27,Maruti Suzuki,Brezza,Mumbai,DLR-MUM-03,1225291,true
SAL-00187,CUS-00187,VEH-00085,2025-09-28,Maruti Suzuki,Baleno,Gurgaon,DLR-GGN-01,738564,false
SAL-00188,CUS-00188,VEH-00339,2025-09-28,Tata,Nexon,Gurgaon,DLR-GGN-02,992555,true
SAL-00189,CUS-00189,VEH-00622,2025-09-29,Hyundai,Creta,Delhi,DLR-DEL-01,1680347,false
SAL-00190,CUS-00190,VEH-00239,2025-09-30,Mahindra,Thar,Pune,DLR-PUN-01,1456597,true
SAL-00191,CUS-00191,VEH-00655,2025-10-01,Mahindra,Scorpio-N,Pune,DLR-PUN-01,2113767,true
SAL-00192,CUS-00192,VEH-00096,2025-10-03,Volkswagen,Virtus,Mumbai,DLR-MUM-02,1733899,false
SAL-00193,CUS-00193,VEH-00178,2025-10-03,Maruti Suzuki,Swift,Hyderabad,DLR-HYD-01,713400,false
SAL-00194,CUS-00194,VEH-00744,2025-10-04,Toyota,Innova Hycross,Pune,DLR-PUN-01,3053388,false
SAL-00195,CUS-00195,VEH-00767,2025-10-04,Hyundai,Creta,Delhi,DLR-DEL-03,1739516,false
SAL-00196,CUS-00196,VEH-00894,2025-10-04,Mahindra,XUV700,Gurgaon,DLR-GGN-02,2282259,true
SAL-00197,CUS-00197,VEH-00179,2025-10-05,Tata,Nexon,Delhi,DLR-DEL-01,1007498,true
SAL-00198,CUS-00198,VEH-00227,2025-10-07,Maruti Suzuki,Baleno,Mumbai,DLR-MUM-03,820585,false
SAL-00199,CUS-00199,VEH-00049,2025-10-08,Maruti Suzuki,Brezza,Pune,DLR-PUN-02,1226301,false
SAL-00200,CUS-00200,VEH-00725,2025-10-08,Maruti Suzuki,Baleno,Chennai,DLR-CHN-01,743963,false
SAL-00201,CUS-00201,VEH-00805,2025-10-09,Kia,Seltos,Gurgaon,DLR-GGN-01,1616115,false
SAL-00202,CUS-00202,VEH-00305,2025-10-11,Hyundai,Creta,Chennai,DLR-CHN-01,1673015,false
SAL-00203,CUS-00203,VEH-00465,2025-10-12,Maruti Suzuki,Ertiga,Ahmedabad,DLR-AMD-01,1259859,false
SAL-00204,CUS-00204,VEH-00357,2025-10-13,Maruti Suzuki,Ertiga,Hyderabad,DLR-HYD-02,1063234,false
SAL-00205,CUS-00205,VEH-00309,2025-10-14,Maruti Suzuki,Brezza,Chennai,DLR-CHN-03,1173875,false
SAL-00206,CUS-00206,VEH-00283,2025-10-15,Volkswagen,Virtus,Hyderabad,DLR-HYD-01,1449486,false
SAL-00207,CUS-00207,VEH-00475,2025-10-16,Tata,Nexon,Bengaluru,DLR-BLR-02,1126890,false
SAL-00208,CUS-00208,VEH-00947,2025-10-16,Maruti Suzuki,Baleno,Pune,DLR-PUN-03,786788,true
SAL-00209,CUS-00209,VEH-00705,2025-10-18,Hyundai,Creta,Pune,DLR-PUN-02,1785060,false
SAL-00210,CUS-00210,VEH-00944,2025-10-18,Maruti Suzuki,Baleno,Mumbai,DLR-MUM-02,712456,false
SAL-00211,CUS-00211,VEH-00308,2025-10-19,Toyota,Innova Hycross,Hyderabad,DLR-HYD-02,2436054,false
SAL-00212,CUS-00212,VEH-00419,2025-10-19,Maruti Suzuki,Baleno,Chennai,DLR-CHN-01,739894,false
SAL-00213,CUS-00213,VEH-00828,2025-10-19,Volkswagen,Virtus,Bengaluru,DLR-BLR-01,1759852,false
SAL-00214,CUS-00214,VEH-00384,2025-10-23,Maruti Suzuki,Swift,Gurgaon,DLR-GGN-02,695471,false
SAL-00215,CUS-00215,VEH-00708,2025-10-23,MG,Hector,Mumbai,DLR-MUM-02,1644981,true
SAL-00216,CUS-00216,VEH-00961,2025-10-23,Maruti Suzuki,Brezza,Hyderabad,DLR-HYD-02,1013364,false
SAL-00217,CUS-00217,VEH-00029,2025-10-24,Kia,Seltos,Delhi,DLR-DEL-01,1482967,true
SAL-00218,CUS-00218,VEH-00171,2025-10-24,Hyundai,Venue,Bengaluru,DLR-BLR-01,1075231,true
SAL-00219,CUS-00219,VEH-00147,2025-10-25,Skoda,Kushaq,Ahmedabad,DLR-AMD-02,1649086,true
SAL-00220,CUS-00220,VEH-00994,2025-10-26,Skoda,Kushaq,Chennai,DLR-CHN-01,1479723,true
SAL-00221,CUS-00221,VEH-00312,2025-10-27,Hyundai,Creta,Ahmedabad,DLR-AMD-02,1523471,false
SAL-00222,CUS-00222,VEH-00418,2025-10-27,Kia,Seltos,Mumbai,DLR-MUM-03,1344015,false
SAL-00223,CUS-00223,VEH-00863,2025-10-27,Tata,Nexon,Mumbai,DLR-MUM-03,992161,false
SAL-00224,CUS-00224,VEH-00968,2025-10-29,Volkswagen,Virtus,Mumbai,DLR-MUM-03,1558357,true
SAL-00225,CUS-00225,VEH-00118,2025-10-31,Maruti Suzuki,Ertiga,Bengaluru,DLR-BLR-02,1211828,true
SAL-00226,CUS-00226,VEH-00197,2025-11-04,Maruti Suzuki,Swift,Pune,DLR-PUN-03,683195,true
SAL-00227,CUS-00227,VEH-00703,2025-11-04,Tata,Nexon,Ahmedabad,DLR-AMD-01,1704194,true
SAL-00228,CUS-00228,VEH-00151,2025-11-06,Hyundai,i20,Mumbai,DLR-MUM-01,909701,false
SAL-00229,CUS-00229,VEH-00209,2025-11-07,Hyundai,Venue,Bengaluru,DLR-BLR-02,969599,true
SAL-00230,CUS-00230,VEH-00572,2025-11-07,Maruti Suzuki,Brezza,Delhi,DLR-DEL-01,962496,false
SAL-00231,CUS-00231,VEH-00600,2025-11-08,Hyundai,Venue,Bengaluru,DLR-BLR-03,1147443,false
SAL-00232,CUS-00232,VEH-00907,2025-11-09,Maruti Suzuki,Baleno,Hyderabad,DLR-HYD-01,727796,true
SAL-00233,CUS-00233,VEH-00976,2025-11-09,Volkswagen,Virtus,Delhi,DLR-DEL-01,1452822,false
SAL-00234,CUS-00234,VEH-00005,2025-11-10,Tata,Nexon,Mumbai,DLR-MUM-03,985939,true
SAL-00235,CUS-00235,VEH-00041,2025-11-11,Maruti Suzuki,Baleno,Gurgaon,DLR-GGN-02,836982,false
SAL-00236,CUS-00236,VEH-00058,2025-11-11,Hyundai,Creta,Mumbai,DLR-MUM-03,1585486,false
SAL-00237,CUS-00237,VEH-00945,2025-11-11,Hyundai,Creta,Ahmedabad,DLR-AMD-02,1452970,false
SAL-00238,CUS-00238,VEH-00051,2025-11-13,Mahindra,XUV700,Mumbai,DLR-MUM-02,1935300,true
SAL-00239,CUS-00239,VEH-00226,2025-11-14,Hyundai,Venue,Mumbai,DLR-MUM-01,1201697,true
SAL-00240,CUS-00240,VEH-00962,2025-11-14,Mahindra,Scorpio-N,Delhi,DLR-DEL-03,2234545,false
SAL-00241,CUS-00241,VEH-00143,2025-11-15,Hyundai,Creta,Chennai,DLR-CHN-02,1774227,false
SAL-00242,CUS-00242,VEH-00759,2025-11-15,Hyundai,Creta,Bengaluru,DLR-BLR-02,1708112,false
SAL-00243,CUS-00243,VEH-00200,2025-11-17,Maruti Suzuki,Swift,Bengaluru,DLR-BLR-01,728401,false
SAL-00244,CUS-00244,VEH-00378,2025-11-19,Tata,Nexon,Ahmedabad,DLR-AMD-02,1701357,false
SAL-00245,CUS-00245,VEH-00489,2025-11-19,Tata,Nexon,Gurgaon,DLR-GGN-02,1327445,true
SAL-00246,CUS-00246,VEH-00031,2025-11-20,Hyundai,Creta,Pune,DLR-PUN-02,1445299,false
SAL-00247,CUS-00247,VEH-00364,2025-11-20,Maruti Suzuki,Baleno,Ahmedabad,DLR-AMD-01,818154,false
SAL-00248,CUS-00248,VEH-00064,2025-11-21,MG,Hector,Pune,DLR-PUN-01,1681479,false
SAL-00249,CUS-00249,VEH-00883,2025-11-21,Mahindra,Thar,Delhi,DLR-DEL-03,1689889,true
SAL-00250,CUS-00250,VEH-00040,2025-11-22,Tata,Nexon,Mumbai,DLR-MUM-02,1273031,true
SAL-00251,CUS-00251,VEH-00145,2025-11-22,Volkswagen,Virtus,Chennai,DLR-CHN-01,1725618,false
SAL-00252,CUS-00252,VEH-00205,2025-11-22,Maruti Suzuki,Ertiga,Pune,DLR-PUN-02,1223169,false
SAL-00253,CUS-00253,VEH-00623,2025-11-23,Hyundai,Creta,Hyderabad,DLR-HYD-01,1694696,false
SAL-00254,CUS-00254,VEH-00900,2025-11-25,Maruti Suzuki,Baleno,Hyderabad,DLR-HYD-01,866424,true
SAL-00255,CUS-00255,VEH-00035,2025-11-26,Volkswagen,Virtus,Gurgaon,DLR-GGN-01,1527508,true
SAL-00256,CUS-00256,VEH-00980,2025-11-26,Mahindra,XUV700,Mumbai,DLR-MUM-01,2040468,false
SAL-00257,CUS-00257,VEH-00985,2025-11-26,Maruti Suzuki,Brezza,Chennai,DLR-CHN-03,1187885,false
SAL-00258,CUS-00258,VEH-00062,2025-11-27,Hyundai,Venue,Mumbai,DLR-MUM-03,1272421,false
SAL-00259,CUS-00259,VEH-00774,2025-11-28,Maruti Suzuki,Swift,Ahmedabad,DLR-AMD-01,719808,false
SAL-00260,CUS-00260,VEH-00199,2025-11-29,Toyota,Innova Hycross,Delhi,DLR-DEL-03,3242313,false
SAL-00261,CUS-00261,VEH-00439,2025-11-29,Maruti Suzuki,Brezza,Chennai,DLR-CHN-03,1058462,false
SAL-00262,CUS-00262,VEH-00021,2025-11-30,Hyundai,i20,Hyderabad,DLR-HYD-02,797669,false
SAL-00263,CUS-00263,VEH-00479,2025-11-30,Tata,Nexon,Ahmedabad,DLR-AMD-02,1444383,false
SAL-00264,CUS-00264,VEH-00912,2025-12-01,Maruti Suzuki,Baleno,Bengaluru,DLR-BLR-03,751206,false
SAL-00265,CUS-00265,VEH-00214,2025-12-02,Maruti Suzuki,Baleno,Hyderabad,DLR-HYD-01,836752,false
SAL-00266,CUS-00266,VEH-00292,2025-12-02,Honda,City,Hyderabad,DLR-HYD-01,1588431,true
SAL-00267,CUS-00267,VEH-00532,2025-12-02,Hyundai,i20,Ahmedabad,DLR-AMD-01,834478,false
SAL-00268,CUS-00268,VEH-00057,2025-12-03,Hyundai,Creta,Mumbai,DLR-MUM-03,1461362,true
SAL-00269,CUS-00269,VEH-00568,2025-12-03,Maruti Suzuki,Brezza,Bengaluru,DLR-BLR-01,1212239,false
SAL-00270,CUS-00270,VEH-00687,2025-12-03,Mahindra,Thar,Bengaluru,DLR-BLR-01,1492935,false
SAL-00271,CUS-00271,VEH-00784,2025-12-03,Maruti Suzuki,Baleno,Bengaluru,DLR-BLR-03,735166,false
SAL-00272,CUS-00272,VEH-00093,2025-12-05,Hyundai,Creta,Delhi,DLR-DEL-03,1673701,false
SAL-00273,CUS-00273,VEH-00577,2025-12-06,Mahindra,XUV700,Hyderabad,DLR-HYD-01,1898690,true
SAL-00274,CUS-00274,VEH-00616,2025-12-06,Toyota,Innova Hycross,Pune,DLR-PUN-02,2358096,true
SAL-00275,CUS-00275,VEH-00187,2025-12-07,Tata,Nexon,Delhi,DLR-DEL-02,1072438,false
SAL-00276,CUS-00276,VEH-00970,2025-12-07,Tata,Nexon,Delhi,DLR-DEL-03,1640860,false
SAL-00277,CUS-00277,VEH-00718,2025-12-08,Maruti Suzuki,Swift,Delhi,DLR-DEL-02,718992,true
SAL-00278,CUS-00278,VEH-00134,2025-12-09,Hyundai,Creta,Mumbai,DLR-MUM-01,1772678,false
SAL-00279,CUS-00279,VEH-00646,2025-12-09,Mahindra,Scorpio-N,Bengaluru,DLR-BLR-03,1753633,true
SAL-00280,CUS-00280,VEH-00016,2025-12-10,BMW,3 Series,Hyderabad,DLR-HYD-01,4783460,true
SAL-00281,CUS-00281,VEH-00173,2025-12-10,Maruti Suzuki,Swift,Pune,DLR-PUN-02,689472,false
SAL-00282,CUS-00282,VEH-00065,2025-12-11,Toyota,Innova Hycross,Chennai,DLR-CHN-01,2495272,false
SAL-00283,CUS-00283,VEH-00423,2025-12-11,Tata,Nexon,Mumbai,DLR-MUM-02,1580637,false
SAL-00284,CUS-00284,VEH-00799,2025-12-11,Honda,City,Chennai,DLR-CHN-02,1399534,false
SAL-00285,CUS-00285,VEH-00338,2025-12-13,Maruti Suzuki,Swift,Mumbai,DLR-MUM-01,722512,false
SAL-00286,CUS-00286,VEH-00890,2025-12-15,Mahindra,XUV700,Chennai,DLR-CHN-03,2562986,false
SAL-00287,CUS-00287,VEH-00582,2025-12-16,Tata,Nexon,Hyderabad,DLR-HYD-01,1365863,false
SAL-00288,CUS-00288,VEH-00899,2025-12-16,Maruti Suzuki,Baleno,Chennai,DLR-CHN-02,809116,false
SAL-00289,CUS-00289,VEH-00252,2025-12-17,Hyundai,Venue,Pune,DLR-PUN-02,1297795,true
SAL-00290,CUS-00290,VEH-00641,2025-12-17,Tata,Nexon,Pune,DLR-PUN-01,1251930,true
SAL-00291,CUS-00291,VEH-00386,2025-12-18,Tata,Nexon,Delhi,DLR-DEL-02,1684585,false
SAL-00292,CUS-00292,VEH-00846,2025-12-18,Maruti Suzuki,Ertiga,Mumbai,DLR-MUM-03,1150411,true
SAL-00293,CUS-00293,VEH-00835,2025-12-19,Maruti Suzuki,Ertiga,Ahmedabad,DLR-AMD-01,1005400,true
SAL-00294,CUS-00294,VEH-00412,2025-12-20,Maruti Suzuki,Ertiga,Gurgaon,DLR-GGN-02,1109592,false
SAL-00295,CUS-00295,VEH-00564,2025-12-20,Honda,City,Hyderabad,DLR-HYD-01,1339255,false
SAL-00296,CUS-00296,VEH-00653,2025-12-20,Kia,Seltos,Gurgaon,DLR-GGN-02,1420162,false
SAL-00297,CUS-00297,VEH-00191,2025-12-21,Volkswagen,Virtus,Mumbai,DLR-MUM-03,1850886,false
SAL-00298,CUS-00298,VEH-00370,2025-12-21,Hyundai,Creta,Mumbai,DLR-MUM-03,1562272,false
SAL-00299,CUS-00299,VEH-00380,2025-12-21,Tata,Nexon,Bengaluru,DLR-BLR-01,1833398,true
SAL-00300,CUS-00300,VEH-00430,2025-12-21,Tata,Nexon,Mumbai,DLR-MUM-01,1583699,false
SAL-00301,CUS-00301,VEH-00758,2025-12-21,Hyundai,Creta,Pune,DLR-PUN-01,1902564,false
SAL-00302,CUS-00302,VEH-00821,2025-12-21,Maruti Suzuki,Swift,Delhi,DLR-DEL-01,705794,false
SAL-00303,CUS-00303,VEH-00087,2025-12-22,Hyundai,Creta,Pune,DLR-PUN-03,1883979,false
SAL-00304,CUS-00304,VEH-00218,2025-12-22,Honda,City,Gurgaon,DLR-GGN-02,1346821,false
SAL-00305,CUS-00305,VEH-00317,2025-12-22,Maruti Suzuki,Baleno,Pune,DLR-PUN-01,802845,false
SAL-00306,CUS-00306,VEH-00261,2025-12-23,Maruti Suzuki,Swift,Mumbai,DLR-MUM-02,740348,false
SAL-00307,CUS-00307,VEH-00917,2025-12-23,Hyundai,Creta,Mumbai,DLR-MUM-02,1593685,true
SAL-00308,CUS-00308,VEH-00925,2025-12-23,Tata,Nexon,Mumbai,DLR-MUM-01,1555424,false
SAL-00309,CUS-00309,VEH-00006,2025-12-24,Mahindra,Scorpio-N,Mumbai,DLR-MUM-02,1947224,false
SAL-00310,CUS-00310,VEH-00554,2025-12-24,Kia,Seltos,Hyderabad,DLR-HYD-01,1548489,true
SAL-00311,CUS-00311,VEH-00186,2025-12-25,Kia,Seltos,Delhi,DLR-DEL-02,1425550,true
SAL-00312,CUS-00312,VEH-00247,2025-12-26,Hyundai,Creta,Mumbai,DLR-MUM-01,1671617,false
SAL-00313,CUS-00313,VEH-00866,2025-12-26,Tata,Nexon,Pune,DLR-PUN-03,1238458,false
SAL-00314,CUS-00314,VEH-00905,2025-12-26,Hyundai,Creta,Bengaluru,DLR-BLR-03,1797813,false
SAL-00315,CUS-00315,VEH-00485,2025-12-27,Kia,Seltos,Gurgaon,DLR-GGN-02,1441696,false
SAL-00316,CUS-00316,VEH-00560,2025-12-27,Mahindra,Thar,Delhi,DLR-DEL-02,1644308,true
SAL-00317,CUS-00317,VEH-00987,2025-12-27,Tata,Nexon,Delhi,DLR-DEL-03,1654879,false
SAL-00318,CUS-00318,VEH-00240,2025-12-28,Hyundai,Creta,Chennai,DLR-CHN-03,1547054,false
SAL-00319,CUS-00319,VEH-00428,2025-12-28,Hyundai,Creta,Hyderabad,DLR-HYD-02,1550916,false
SAL-00320,CUS-00320,VEH-00936,2025-12-28,Tata,Nexon,Mumbai,DLR-MUM-03,1740512,false
SAL-00321,CUS-00321,VEH-00106,2025-12-29,Hyundai,i20,Chennai,DLR-CHN-01,871145,false
SAL-00322,CUS-00322,VEH-00487,2025-12-29,Tata,Nexon,Hyderabad,DLR-HYD-02,1033666,false
SAL-00323,CUS-00323,VEH-00128,2025-12-30,Mahindra,Thar,Delhi,DLR-DEL-01,1922065,false
SAL-00324,CUS-00324,VEH-00343,2025-12-30,Tata,Nexon,Delhi,DLR-DEL-03,1543353,false
SAL-00325,CUS-00325,VEH-00943,2025-12-30,Maruti Suzuki,Ertiga,Ahmedabad,DLR-AMD-02,1304945,true
SAL-00326,CUS-00326,VEH-00282,2025-12-31,Tata,Nexon,Gurgaon,DLR-GGN-02,1812950,false
SAL-00327,CUS-00327,VEH-00549,2025-12-31,Hyundai,Creta,Pune,DLR-PUN-01,1957186,true
SAL-00328,CUS-00328,VEH-00645,2025-12-31,Hyundai,Creta,Ahmedabad,DLR-AMD-01,1525529,true
SAL-00329,CUS-00329,VEH-00868,2025-12-31,Hyundai,Venue,Delhi,DLR-DEL-01,1070828,false
SAL-00330,CUS-00330,VEH-00977,2025-12-31,Hyundai,Creta,Bengaluru,DLR-BLR-03,1398029,true
SAL-00331,CUS-00331,VEH-01000,2026-01-14,Maruti Suzuki,Baleno,Chennai,DLR-CHN-02,797432,false
SAL-00332,CUS-00332,VEH-00869,2026-01-18,Toyota,Innova Hycross,Hyderabad,DLR-HYD-02,2584980,false
SAL-00333,CUS-00333,VEH-00391,2026-01-27,Hyundai,Venue,Hyderabad,DLR-HYD-01,1217061,false
SAL-00334,CUS-00334,VEH-00483,2026-02-02,Tata,Nexon,Bengaluru,DLR-BLR-02,1221872,true
SAL-00335,CUS-00335,VEH-00015,2026-02-06,Tata,Nexon,Mumbai,DLR-MUM-02,1116993,false
SAL-00336,CUS-00336,VEH-00254,2026-02-06,Kia,Seltos,Pune,DLR-PUN-01,1715078,true
SAL-00337,CUS-00337,VEH-00951,2026-02-06,Tata,Nexon,Delhi,DLR-DEL-01,1227984,false
SAL-00338,CUS-00338,VEH-00117,2026-02-14,Kia,Seltos,Mumbai,DLR-MUM-02,1458651,true
SAL-00339,CUS-00339,VEH-00535,2026-02-16,Skoda,Kushaq,Chennai,DLR-CHN-02,1572849,true
SAL-00340,CUS-00340,VEH-00613,2026-02-16,Maruti Suzuki,Brezza,Hyderabad,DLR-HYD-01,1100164,true
SAL-00341,CUS-00341,VEH-00351,2026-02-19,Maruti Suzuki,Swift,Chennai,DLR-CHN-02,760183,true
SAL-00342,CUS-00342,VEH-00455,2026-02-20,Hyundai,Venue,Gurgaon,DLR-GGN-02,1151472,false
SAL-00343,CUS-00343,VEH-00886,2026-02-26,Mahindra,XUV700,Hyderabad,DLR-HYD-01,2311859,false
SAL-00344,CUS-00344,VEH-00189,2026-02-27,Maruti Suzuki,Swift,Chennai,DLR-CHN-03,760079,false
SAL-00345,CUS-00345,VEH-00098,2026-03-02,Hyundai,i20,Ahmedabad,DLR-AMD-01,901360,true
SAL-00346,CUS-00346,VEH-00661,2026-03-02,Hyundai,Creta,Gurgaon,DLR-GGN-01,1837923,false
SAL-00347,CUS-00347,VEH-00913,2026-03-02,Tata,Nexon,Delhi,DLR-DEL-02,1702835,false
SAL-00348,CUS-00348,VEH-00182,2026-03-05,Tata,Nexon,Delhi,DLR-DEL-01,1569313,false
SAL-00349,CUS-00349,VEH-00808,2026-03-05,Hyundai,Venue,Gurgaon,DLR-GGN-02,1154390,false
SAL-00350,CUS-00350,VEH-00990,2026-03-05,Maruti Suzuki,Ertiga,Hyderabad,DLR-HYD-02,1095463,false
SAL-00351,CUS-00351,VEH-00365,2026-03-06,BMW,3 Series,Chennai,DLR-CHN-03,5518171,true
SAL-00352,CUS-00352,VEH-00530,2026-03-06,Hyundai,i20,Mumbai,DLR-MUM-01,854683,false
SAL-00353,CUS-00353,VEH-00245,2026-03-10,Volkswagen,Virtus,Pune,DLR-PUN-02,1626988,false
SAL-00354,CUS-00354,VEH-00958,2026-03-11,Maruti Suzuki,Ertiga,Pune,DLR-PUN-01,1176803,false
SAL-00355,CUS-00355,VEH-00745,2026-03-12,Maruti Suzuki,Swift,Pune,DLR-PUN-01,703973,false
SAL-00356,CUS-00356,VEH-00617,2026-03-16,Hyundai,Venue,Ahmedabad,DLR-AMD-02,1196964,false
SAL-00357,CUS-00357,VEH-00072,2026-03-17,Maruti Suzuki,Baleno,Mumbai,DLR-MUM-02,715774,false
SAL-00358,CUS-00358,VEH-00230,2026-03-17,Hyundai,Venue,Gurgaon,DLR-GGN-01,1059715,true
SAL-00359,CUS-00359,VEH-00444,2026-03-17,Mahindra,Scorpio-N,Delhi,DLR-DEL-03,1709746,false
SAL-00360,CUS-00360,VEH-00873,2026-03-18,Volkswagen,Virtus,Chennai,DLR-CHN-02,1784443,true
SAL-00361,CUS-00361,VEH-00566,2026-03-20,Hyundai,Venue,Hyderabad,DLR-HYD-02,1030419,false
SAL-00362,CUS-00362,VEH-00241,2026-03-21,Maruti Suzuki,Brezza,Pune,DLR-PUN-03,1217577,false
SAL-00363,CUS-00363,VEH-00077,2026-03-24,Hyundai,Creta,Chennai,DLR-CHN-01,1772966,false
SAL-00364,CUS-00364,VEH-00586,2026-03-25,Kia,Seltos,Chennai,DLR-CHN-03,1520305,false
SAL-00365,CUS-00365,VEH-00390,2026-03-30,Toyota,Innova Hycross,Chennai,DLR-CHN-02,2317163,false
SAL-00366,CUS-00366,VEH-00381,2026-03-31,Hyundai,Creta,Gurgaon,DLR-GGN-02,1412646,false
SAL-00367,CUS-00367,VEH-00426,2026-04-02,Toyota,Innova Hycross,Mumbai,DLR-MUM-01,3044974,false
SAL-00368,CUS-00368,VEH-00720,2026-04-04,Maruti Suzuki,Baleno,Bengaluru,DLR-BLR-03,842582,true
SAL-00369,CUS-00369,VEH-00964,2026-04-05,Skoda,Kushaq,Pune,DLR-PUN-02,1647350,false
SAL-00370,CUS-00370,VEH-00542,2026-04-06,Tata,Nexon,Bengaluru,DLR-BLR-03,1718212,true
SAL-00371,CUS-00371,VEH-00076,2026-04-07,Maruti Suzuki,Swift,Chennai,DLR-CHN-02,700224,false
SAL-00372,CUS-00372,VEH-00274,2026-04-07,Kia,Seltos,Ahmedabad,DLR-AMD-01,1740812,true
SAL-00373,CUS-00373,VEH-00123,2026-04-08,Volkswagen,Virtus,Delhi,DLR-DEL-02,1413295,false
SAL-00374,CUS-00374,VEH-00164,2026-04-12,Hyundai,i20,Delhi,DLR-DEL-02,836324,true
SAL-00375,CUS-00375,VEH-00172,2026-04-14,Hyundai,Venue,Delhi,DLR-DEL-03,1186035,false
SAL-00376,CUS-00376,VEH-00474,2026-04-17,Tata,Nexon,Pune,DLR-PUN-02,1806270,true
SAL-00377,CUS-00377,VEH-00605,2026-04-18,Hyundai,Creta,Ahmedabad,DLR-AMD-01,1727309,true
SAL-00378,CUS-00378,VEH-00733,2026-04-18,Mahindra,Scorpio-N,Ahmedabad,DLR-AMD-02,1894102,false
SAL-00379,CUS-00379,VEH-00831,2026-04-18,Mahindra,Scorpio-N,Mumbai,DLR-MUM-02,2252925,false
SAL-00380,CUS-00380,VEH-00856,2026-04-19,Hyundai,Creta,Hyderabad,DLR-HYD-02,1535425,true
SAL-00381,CUS-00381,VEH-00884,2026-04-20,Hyundai,Venue,Delhi,DLR-DEL-02,1084339,true
SAL-00382,CUS-00382,VEH-00825,2026-04-23,Mahindra,XUV700,Pune,DLR-PUN-02,1898672,false
SAL-00383,CUS-00383,VEH-00154,2026-04-24,Maruti Suzuki,Swift,Mumbai,DLR-MUM-03,680532,false
SAL-00384,CUS-00384,VEH-00516,2026-04-24,Mahindra,Scorpio-N,Delhi,DLR-DEL-01,2272214,true
SAL-00385,CUS-00385,VEH-00649,2026-04-24,Honda,City,Gurgaon,DLR-GGN-02,1517534,false
SAL-00386,CUS-00386,VEH-00701,2026-04-24,Hyundai,i20,Bengaluru,DLR-BLR-01,881280,false
SAL-00387,CUS-00387,VEH-00326,2026-04-27,Maruti Suzuki,Swift,Bengaluru,DLR-BLR-03,671156,true
SAL-00388,CUS-00388,VEH-00379,2026-04-28,Maruti Suzuki,Swift,Pune,DLR-PUN-02,767335,false
SAL-00389,CUS-00389,VEH-00453,2026-05-01,Skoda,Kushaq,Delhi,DLR-DEL-02,1430947,false
SAL-00390,CUS-00390,VEH-00115,2026-05-05,Honda,City,Gurgaon,DLR-GGN-01,1523698,false
SAL-00391,CUS-00391,VEH-00978,2026-05-05,Tata,Nexon,Mumbai,DLR-MUM-02,1084290,false
SAL-00392,CUS-00392,VEH-00656,2026-05-08,Tata,Nexon,Bengaluru,DLR-BLR-03,1860352,false
SAL-00393,CUS-00393,VEH-00693,2026-05-08,Hyundai,Creta,Hyderabad,DLR-HYD-01,1827089,true
SAL-00394,CUS-00394,VEH-00477,2026-05-09,Mahindra,XUV700,Mumbai,DLR-MUM-02,2509665,false
SAL-00395,CUS-00395,VEH-00862,2026-05-10,Mahindra,XUV700,Pune,DLR-PUN-01,2127306,false
SAL-00396,CUS-00396,VEH-00960,2026-05-10,MG,Hector,Ahmedabad,DLR-AMD-02,1575366,true
SAL-00397,CUS-00397,VEH-00832,2026-05-11,Volkswagen,Virtus,Bengaluru,DLR-BLR-03,1724390,false
SAL-00398,CUS-00398,VEH-00048,2026-05-13,Maruti Suzuki,Brezza,Delhi,DLR-DEL-01,971641,false
SAL-00399,CUS-00399,VEH-00264,2026-05-13,Hyundai,Venue,Delhi,DLR-DEL-01,1068296,true
SAL-00400,CUS-00400,VEH-00571,2026-05-13,Hyundai,Venue,Delhi,DLR-DEL-03,1157972,false
SAL-00401,CUS-00401,VEH-00992,2026-05-13,Hyundai,Creta,Delhi,DLR-DEL-01,1899092,false
SAL-00402,CUS-00402,VEH-00319,2026-05-14,Mahindra,Thar,Ahmedabad,DLR-AMD-01,1494847,false
SAL-00403,CUS-00403,VEH-00331,2026-05-14,Mahindra,Scorpio-N,Delhi,DLR-DEL-01,2122337,false
SAL-00404,CUS-00404,VEH-00242,2026-05-15,Maruti Suzuki,Baleno,Pune,DLR-PUN-02,837291,true
SAL-00405,CUS-00405,VEH-00555,2026-05-15,Maruti Suzuki,Brezza,Mumbai,DLR-MUM-03,1198912,false
SAL-00406,CUS-00406,VEH-00201,2026-05-16,Hyundai,Venue,Mumbai,DLR-MUM-03,1225969,false
SAL-00407,CUS-00407,VEH-00347,2026-05-16,Hyundai,i20,Delhi,DLR-DEL-03,916143,false
SAL-00408,CUS-00408,VEH-00843,2026-05-16,Hyundai,Creta,Gurgaon,DLR-GGN-02,1816201,false
SAL-00409,CUS-00409,VEH-00983,2026-05-16,Maruti Suzuki,Swift,Ahmedabad,DLR-AMD-01,727816,false
SAL-00410,CUS-00410,VEH-00389,2026-05-18,Hyundai,Creta,Pune,DLR-PUN-01,1413732,true
SAL-00411,CUS-00411,VEH-00822,2026-05-20,Maruti Suzuki,Swift,Mumbai,DLR-MUM-03,723409,false
SAL-00412,CUS-00412,VEH-00608,2026-05-21,Mahindra,XUV700,Hyderabad,DLR-HYD-01,2518864,true
SAL-00413,CUS-00413,VEH-00267,2026-05-23,Maruti Suzuki,Swift,Delhi,DLR-DEL-02,753590,true
SAL-00414,CUS-00414,VEH-00102,2026-05-24,Mahindra,Thar,Hyderabad,DLR-HYD-02,1958516,true
SAL-00415,CUS-00415,VEH-00422,2026-05-24,Maruti Suzuki,Swift,Delhi,DLR-DEL-01,763511,false
SAL-00416,CUS-00416,VEH-00639,2026-05-25,Maruti Suzuki,Ertiga,Delhi,DLR-DEL-01,1026159,false
SAL-00417,CUS-00417,VEH-00901,2026-05-25,Maruti Suzuki,Swift,Mumbai,DLR-MUM-02,727249,false
SAL-00418,CUS-00418,VEH-00289,2026-05-29,Hyundai,Creta,Delhi,DLR-DEL-01,1839871,false
SAL-00419,CUS-00419,VEH-00673,2026-05-30,Maruti Suzuki,Swift,Mumbai,DLR-MUM-01,710458,true
SAL-00420,CUS-00420,VEH-00181,2026-06-01,Hyundai,Creta,Chennai,DLR-CHN-02,1872600,false
SAL-00421,CUS-00421,VEH-00734,2026-06-01,Hyundai,Venue,Delhi,DLR-DEL-03,929855,true
SAL-00422,CUS-00422,VEH-00589,2026-06-03,Mahindra,XUV700,Chennai,DLR-CHN-02,2427058,true
SAL-00423,CUS-00423,VEH-00017,2026-06-04,Maruti Suzuki,Ertiga,Pune,DLR-PUN-02,1108816,false
SAL-00424,CUS-00424,VEH-00763,2026-06-04,Tata,Nexon,Bengaluru,DLR-BLR-02,1709653,true
SAL-00425,CUS-00425,VEH-00511,2026-06-07,Hyundai,Creta,Delhi,DLR-DEL-03,1728469,false
SAL-00426,CUS-00426,VEH-00578,2026-06-08,Hyundai,i20,Bengaluru,DLR-BLR-01,780569,false
SAL-00427,CUS-00427,VEH-00752,2026-06-08,Tata,Nexon,Ahmedabad,DLR-AMD-01,1013873,true
SAL-00428,CUS-00428,VEH-00587,2026-06-09,Maruti Suzuki,Baleno,Hyderabad,DLR-HYD-02,850052,false
SAL-00429,CUS-00429,VEH-00180,2026-06-12,Tata,Nexon,Pune,DLR-PUN-01,1864758,false
SAL-00430,CUS-00430,VEH-00341,2026-06-12,Hyundai,Creta,Mumbai,DLR-MUM-02,1983716,true
SAL-00431,CUS-00431,VEH-00409,2026-06-13,Tata,Nexon,Bengaluru,DLR-BLR-01,1222889,false
SAL-00432,CUS-00432,VEH-00588,2026-06-15,Maruti Suzuki,Swift,Chennai,DLR-CHN-01,787710,false
SAL-00433,CUS-00433,VEH-00573,2026-06-16,Hyundai,Creta,Delhi,DLR-DEL-01,1646684,true
SAL-00434,CUS-00434,VEH-00046,2026-06-17,Tata,Nexon,Ahmedabad,DLR-AMD-01,1760196,true
SAL-00435,CUS-00435,VEH-00675,2026-06-18,Mahindra,Thar,Gurgaon,DLR-GGN-02,1904573,true
SAL-00436,CUS-00436,VEH-00322,2026-06-19,Mahindra,Thar,Mumbai,DLR-MUM-02,1505778,false
SAL-00437,CUS-00437,VEH-00355,2026-06-23,Volkswagen,Virtus,Pune,DLR-PUN-01,1625376,true
SAL-00438,CUS-00438,VEH-00484,2026-06-23,Toyota,Innova Hycross,Delhi,DLR-DEL-03,3072665,false
SAL-00439,CUS-00439,VEH-00785,2026-06-23,Maruti Suzuki,Swift,Pune,DLR-PUN-02,784356,false
SAL-00440,CUS-00440,VEH-00468,2026-06-24,Toyota,Innova Hycross,Gurgaon,DLR-GGN-01,2502853,false
SAL-00441,CUS-00441,VEH-00539,2026-06-25,Mahindra,Thar,Ahmedabad,DLR-AMD-01,1908565,true
SAL-00442,CUS-00442,VEH-00888,2026-06-25,Hyundai,Creta,Gurgaon,DLR-GGN-02,1743376,false
SAL-00443,CUS-00443,VEH-00552,2026-06-26,Hyundai,Creta,Pune,DLR-PUN-03,1812762,false
SAL-00444,CUS-00444,VEH-00739,2026-06-26,Skoda,Kushaq,Mumbai,DLR-MUM-02,1628368,false
SAL-00445,CUS-00445,VEH-00576,2026-06-28,Mahindra,Scorpio-N,Delhi,DLR-DEL-01,1748330,true
SAL-00446,CUS-00446,VEH-00709,2026-06-28,Maruti Suzuki,Baleno,Mumbai,DLR-MUM-01,827167,false
SAL-00447,CUS-00447,VEH-00742,2026-06-28,Tata,Nexon,Bengaluru,DLR-BLR-01,1026307,false
SAL-00448,CUS-00448,VEH-00998,2026-06-29,Maruti Suzuki,Ertiga,Ahmedabad,DLR-AMD-01,1019789,false
SAL-00449,CUS-00449,VEH-00875,2026-07-02,Maruti Suzuki,Swift,Delhi,DLR-DEL-02,760323,true
SAL-00450,CUS-00450,VEH-00448,2026-07-05,Honda,City,Delhi,DLR-DEL-01,1331178,true
SAL-00451,CUS-00451,VEH-00490,2026-07-06,Mahindra,Thar,Gurgaon,DLR-GGN-02,1550423,true
SAL-00452,CUS-00452,VEH-00358,2026-07-07,Maruti Suzuki,Baleno,Pune,DLR-PUN-01,742769,false
SAL-00453,CUS-00453,VEH-00160,2026-07-08,Maruti Suzuki,Swift,Bengaluru,DLR-BLR-02,677898,false
SAL-00454,CUS-00454,VEH-00278,2026-07-08,Kia,Seltos,Gurgaon,DLR-GGN-01,1701742,true
SAL-00455,CUS-00455,VEH-00580,2026-07-09,Hyundai,Creta,Chennai,DLR-CHN-03,1718309,true
SAL-00456,CUS-00456,VEH-00755,2026-07-09,Kia,Seltos,Delhi,DLR-DEL-01,1436274,true
SAL-00457,CUS-00457,VEH-00858,2026-07-09,Maruti Suzuki,Swift,Mumbai,DLR-MUM-03,712131,false
SAL-00458,CUS-00458,VEH-00036,2026-07-10,BMW,3 Series,Hyderabad,DLR-HYD-02,5715744,false
SAL-00459,CUS-00459,VEH-00112,2026-07-12,Hyundai,Creta,Chennai,DLR-CHN-02,1722776,true
SAL-00460,CUS-00460,VEH-00272,2026-07-12,Hyundai,Creta,Pune,DLR-PUN-02,1431937,true
SAL-00461,CUS-00461,VEH-00741,2026-07-12,Hyundai,i20,Gurgaon,DLR-GGN-02,950526,false
SAL-00462,CUS-00462,VEH-00928,2026-07-16,Hyundai,Venue,Bengaluru,DLR-BLR-01,1263934,true
SAL-00463,CUS-00463,VEH-00938,2026-07-16,Maruti Suzuki,Baleno,Mumbai,DLR-MUM-03,759347,false
SAL-00464,CUS-00464,VEH-00229,2026-07-18,Mahindra,XUV700,Ahmedabad,DLR-AMD-01,2493358,true
SAL-00465,CUS-00465,VEH-00547,2026-07-19,Tata,Nexon,Chennai,DLR-CHN-01,1149041,false
SAL-00466,CUS-00466,VEH-00620,2026-07-19,Tata,Nexon,Hyderabad,DLR-HYD-02,1871487,false
SAL-00467,CUS-00467,VEH-00150,2026-07-20,Maruti Suzuki,Baleno,Pune,DLR-PUN-02,823400,false
SAL-00468,CUS-00468,VEH-00691,2026-07-21,Mahindra,XUV700,Delhi,DLR-DEL-03,2576541,false
SAL-00469,CUS-00469,VEH-00813,2026-07-22,Kia,Seltos,Ahmedabad,DLR-AMD-01,1730439,true
SAL-00470,CUS-00470,VEH-00081,2026-07-24,Hyundai,Creta,Delhi,DLR-DEL-03,1826096,true
SAL-00471,CUS-00471,VEH-00492,2026-07-24,Maruti Suzuki,Brezza,Ahmedabad,DLR-AMD-01,998045,false
SAL-00472,CUS-00472,VEH-00642,2026-07-25,Mahindra,Scorpio-N,Chennai,DLR-CHN-01,2009520,false
SAL-00473,CUS-00473,VEH-00139,2026-07-26,Mahindra,XUV700,Delhi,DLR-DEL-01,2529810,false
SAL-00474,CUS-00474,VEH-00368,2026-07-26,Tata,Nexon,Hyderabad,DLR-HYD-01,1228885,false
SAL-00475,CUS-00475,VEH-00263,2026-07-28,Mahindra,XUV700,Gurgaon,DLR-GGN-01,2064370,false
SAL-00476,CUS-00476,VEH-00650,2026-07-28,Skoda,Kushaq,Pune,DLR-PUN-01,1414678,false
SAL-00477,CUS-00477,VEH-00142,2026-07-29,Hyundai,Venue,Delhi,DLR-DEL-02,1179340,true
SAL-00478,CUS-00478,VEH-00442,2026-07-30,Hyundai,Venue,Delhi,DLR-DEL-02,1238506,false
SAL-00479,CUS-00479,VEH-00916,2026-07-30,Toyota,Innova Hycross,Mumbai,DLR-MUM-03,3282961,false
SAL-00480,CUS-00480,VEH-00078,2026-07-31,Maruti Suzuki,Swift,Delhi,DLR-DEL-01,739561,false
SAL-00481,CUS-00481,VEH-00363,2026-07-31,Maruti Suzuki,Swift,Delhi,DLR-DEL-02,767237,false
SAL-00482,CUS-00482,VEH-00966,2026-07-31,Mahindra,XUV700,Pune,DLR-PUN-01,2094998,false
SAL-00483,CUS-00483,VEH-00097,2026-08-01,Maruti Suzuki,Brezza,Pune,DLR-PUN-01,990262,false
SAL-00484,CUS-00484,VEH-00924,2026-08-01,Hyundai,Creta,Ahmedabad,DLR-AMD-02,1503502,true
SAL-00485,CUS-00485,VEH-00069,2026-08-04,Maruti Suzuki,Baleno,Gurgaon,DLR-GGN-01,862692,true
SAL-00486,CUS-00486,VEH-00251,2026-08-06,Hyundai,i20,Mumbai,DLR-MUM-02,855095,true
SAL-00487,CUS-00487,VEH-00472,2026-08-07,Maruti Suzuki,Baleno,Bengaluru,DLR-BLR-03,779249,false
SAL-00488,CUS-00488,VEH-00293,2026-08-12,Tata,Nexon,Mumbai,DLR-MUM-01,1553004,false
SAL-00489,CUS-00489,VEH-00100,2026-08-13,Mahindra,Scorpio-N,Mumbai,DLR-MUM-03,2151310,true
SAL-00490,CUS-00490,VEH-00203,2026-08-14,Toyota,Innova Hycross,Hyderabad,DLR-HYD-01,3166811,true
SAL-00491,CUS-00491,VEH-00259,2026-08-18,Kia,Seltos,Bengaluru,DLR-BLR-02,1379683,false
SAL-00492,CUS-00492,VEH-00570,2026-08-21,Maruti Suzuki,Brezza,Bengaluru,DLR-BLR-03,1255750,true
SAL-00493,CUS-00493,VEH-00288,2026-08-22,Mahindra,Thar,Hyderabad,DLR-HYD-02,1490074,false
SAL-00494,CUS-00494,VEH-00991,2026-08-22,Maruti Suzuki,Brezza,Mumbai,DLR-MUM-02,1119079,true
SAL-00495,CUS-00495,VEH-00316,2026-08-24,Toyota,Innova Hycross,Delhi,DLR-DEL-01,3026336,false
SAL-00496,CUS-00496,VEH-00447,2026-08-24,Maruti Suzuki,Baleno,Mumbai,DLR-MUM-03,717535,false
SAL-00497,CUS-00497,VEH-00973,2026-08-24,Mahindra,Scorpio-N,Chennai,DLR-CHN-02,2209554,false
SAL-00498,CUS-00498,VEH-00238,2026-08-25,Hyundai,Creta,Gurgaon,DLR-GGN-01,1533737,false
SAL-00499,CUS-00499,VEH-00919,2026-08-27,Honda,City,Bengaluru,DLR-BLR-02,1315183,true
SAL-00500,CUS-00500,VEH-00441,2026-08-30,Maruti Suzuki,Ertiga,Mumbai,DLR-MUM-01,1159997,true
SAL-00501,CUS-00501,VEH-00562,2026-08-30,Hyundai,Creta,Bengaluru,DLR-BLR-02,1394569,false
SAL-00502,CUS-00502,VEH-00920,2026-08-30,Maruti Suzuki,Swift,Hyderabad,DLR-HYD-01,713320,true
SAL-00503,CUS-00503,VEH-00244,2026-08-31,Mahindra,XUV700,Gurgaon,DLR-GGN-02,2548829,false
SAL-00504,CUS-00504,VEH-00955,2026-08-31,Maruti Suzuki,Ertiga,Bengaluru,DLR-BLR-02,1001371,true
SAL-00505,CUS-00505,VEH-00574,2026-09-02,Mahindra,XUV700,Chennai,DLR-CHN-03,1972720,false
SAL-00506,CUS-00506,VEH-00715,2026-09-03,Kia,Seltos,Bengaluru,DLR-BLR-02,1486389,false
SAL-00507,CUS-00507,VEH-00921,2026-09-03,Kia,Seltos,Mumbai,DLR-MUM-03,1385876,false
SAL-00508,CUS-00508,VEH-00551,2026-09-04,Hyundai,Creta,Delhi,DLR-DEL-01,1602361,false
SAL-00509,CUS-00509,VEH-00579,2026-09-04,Mahindra,Scorpio-N,Mumbai,DLR-MUM-03,2386504,false
SAL-00510,CUS-00510,VEH-00206,2026-09-05,Maruti Suzuki,Brezza,Delhi,DLR-DEL-02,1125307,false
SAL-00511,CUS-00511,VEH-00923,2026-09-05,Tata,Nexon,Bengaluru,DLR-BLR-01,1147218,false
SAL-00512,CUS-00512,VEH-00159,2026-09-06,Maruti Suzuki,Swift,Delhi,DLR-DEL-03,714596,false
SAL-00513,CUS-00513,VEH-00747,2026-09-06,Maruti Suzuki,Baleno,Pune,DLR-PUN-02,882358,true
SAL-00514,CUS-00514,VEH-00770,2026-09-06,Mahindra,Scorpio-N,Bengaluru,DLR-BLR-02,1985306,false
SAL-00515,CUS-00515,VEH-00844,2026-09-06,Maruti Suzuki,Baleno,Bengaluru,DLR-BLR-03,802005,true
SAL-00516,CUS-00516,VEH-00561,2026-09-07,Hyundai,i20,Mumbai,DLR-MUM-02,940452,false
SAL-00517,CUS-00517,VEH-00285,2026-09-08,Maruti Suzuki,Swift,Gurgaon,DLR-GGN-02,762736,false
SAL-00518,CUS-00518,VEH-00676,2026-09-08,Mahindra,Scorpio-N,Bengaluru,DLR-BLR-03,2007844,false
SAL-00519,CUS-00519,VEH-00536,2026-09-09,Mahindra,Thar,Bengaluru,DLR-BLR-01,1571729,false
SAL-00520,CUS-00520,VEH-00778,2026-09-09,Hyundai,i20,Mumbai,DLR-MUM-01,991999,true
SAL-00521,CUS-00521,VEH-00522,2026-09-10,Maruti Suzuki,Brezza,Delhi,DLR-DEL-03,1181450,true
SAL-00522,CUS-00522,VEH-00932,2026-09-11,Maruti Suzuki,Brezza,Gurgaon,DLR-GGN-02,1283567,false
SAL-00523,CUS-00523,VEH-00748,2026-09-12,Hyundai,i20,Gurgaon,DLR-GGN-02,903495,false
SAL-00524,CUS-00524,VEH-00790,2026-09-12,Hyundai,Venue,Hyderabad,DLR-HYD-01,955742,false
SAL-00525,CUS-00525,VEH-00855,2026-09-12,Mahindra,XUV700,Delhi,DLR-DEL-01,2609908,false
SAL-00526,CUS-00526,VEH-00273,2026-09-13,Maruti Suzuki,Baleno,Delhi,DLR-DEL-01,831343,false
SAL-00527,CUS-00527,VEH-00796,2026-09-13,Maruti Suzuki,Baleno,Pune,DLR-PUN-01,777100,true
SAL-00528,CUS-00528,VEH-00196,2026-09-17,Hyundai,Venue,Bengaluru,DLR-BLR-03,1209756,true
SAL-00529,CUS-00529,VEH-00463,2026-09-17,Maruti Suzuki,Swift,Hyderabad,DLR-HYD-02,660653,false
SAL-00530,CUS-00530,VEH-00870,2026-09-17,Maruti Suzuki,Ertiga,Chennai,DLR-CHN-03,1298964,true
SAL-00531,CUS-00531,VEH-00119,2026-09-18,Maruti Suzuki,Ertiga,Pune,DLR-PUN-01,985675,false
SAL-00532,CUS-00532,VEH-00548,2026-09-18,Hyundai,Venue,Chennai,DLR-CHN-03,1008974,false
SAL-00533,CUS-00533,VEH-00592,2026-09-18,Maruti Suzuki,Ertiga,Delhi,DLR-DEL-01,1130201,true
SAL-00534,CUS-00534,VEH-00192,2026-09-19,Maruti Suzuki,Baleno,Ahmedabad,DLR-AMD-01,840536,false
SAL-00535,CUS-00535,VEH-00126,2026-09-22,Hyundai,Venue,Chennai,DLR-CHN-01,1217082,false
SAL-00536,CUS-00536,VEH-00906,2026-09-22,Tata,Nexon,Delhi,DLR-DEL-02,1749709,true
SAL-00537,CUS-00537,VEH-00279,2026-09-23,Maruti Suzuki,Baleno,Delhi,DLR-DEL-02,739820,false
SAL-00538,CUS-00538,VEH-00457,2026-09-23,Maruti Suzuki,Baleno,Gurgaon,DLR-GGN-02,752551,false
SAL-00539,CUS-00539,VEH-00711,2026-09-23,Hyundai,Creta,Pune,DLR-PUN-02,1673567,true
SAL-00540,CUS-00540,VEH-00997,2026-09-27,Maruti Suzuki,Baleno,Gurgaon,DLR-GGN-02,790158,false
SAL-00541,CUS-00541,VEH-00165,2026-09-28,Tata,Nexon,Delhi,DLR-DEL-01,1530618,false
SAL-00542,CUS-00542,VEH-00722,2026-09-28,Volkswagen,Virtus,Chennai,DLR-CHN-02,1853589,true
SAL-00543,CUS-00543,VEH-00299,2026-09-30,Hyundai,Creta,Chennai,DLR-CHN-03,1811260,false
SAL-00544,CUS-00544,VEH-00445,2026-09-30,Honda,City,Pune,DLR-PUN-03,1369569,false
SAL-00545,CUS-00545,VEH-00800,2026-09-30,Maruti Suzuki,Swift,Hyderabad,DLR-HYD-01,748178,false
SAL-00546,CUS-00546,VEH-00092,2026-10-01,Hyundai,Creta,Delhi,DLR-DEL-03,1692746,false
SAL-00547,CUS-00547,VEH-00593,2026-10-01,Hyundai,Creta,Bengaluru,DLR-BLR-03,1402526,false
SAL-00548,CUS-00548,VEH-00647,2026-10-01,Maruti Suzuki,Brezza,Gurgaon,DLR-GGN-02,989104,false
SAL-00549,CUS-00549,VEH-00982,2026-10-01,Maruti Suzuki,Baleno,Pune,DLR-PUN-03,862530,true
SAL-00550,CUS-00550,VEH-00459,2026-10-02,Tata,Nexon,Chennai,DLR-CHN-02,1627940,false
SAL-00551,CUS-00551,VEH-00971,2026-10-02,MG,Hector,Ahmedabad,DLR-AMD-02,2144678,false
SAL-00552,CUS-00552,VEH-00255,2026-10-03,Maruti Suzuki,Baleno,Pune,DLR-PUN-03,795552,true
SAL-00553,CUS-00553,VEH-00394,2026-10-03,Maruti Suzuki,Baleno,Bengaluru,DLR-BLR-02,827512,true
SAL-00554,CUS-00554,VEH-00517,2026-10-03,MG,Hector,Delhi,DLR-DEL-03,1938204,false
SAL-00555,CUS-00555,VEH-00677,2026-10-03,Hyundai,Venue,Mumbai,DLR-MUM-02,1025179,false
SAL-00556,CUS-00556,VEH-00738,2026-10-03,Mahindra,Thar,Bengaluru,DLR-BLR-02,1498776,false
SAL-00557,CUS-00557,VEH-00686,2026-10-04,Maruti Suzuki,Swift,Delhi,DLR-DEL-02,681009,false
SAL-00558,CUS-00558,VEH-00546,2026-10-05,Maruti Suzuki,Baleno,Pune,DLR-PUN-01,855779,false
SAL-00559,CUS-00559,VEH-00867,2026-10-05,Maruti Suzuki,Ertiga,Mumbai,DLR-MUM-01,1037620,false
SAL-00560,CUS-00560,VEH-00163,2026-10-06,Maruti Suzuki,Swift,Chennai,DLR-CHN-03,700668,false
SAL-00561,CUS-00561,VEH-00942,2026-10-06,Hyundai,i20,Delhi,DLR-DEL-01,854470,false
SAL-00562,CUS-00562,VEH-00260,2026-10-07,Mahindra,Thar,Ahmedabad,DLR-AMD-01,1653354,false
SAL-00563,CUS-00563,VEH-00403,2026-10-08,Mahindra,XUV700,Hyderabad,DLR-HYD-01,2525061,false
SAL-00564,CUS-00564,VEH-00727,2026-10-08,Maruti Suzuki,Brezza,Ahmedabad,DLR-AMD-01,1092838,false
SAL-00565,CUS-00565,VEH-00887,2026-10-09,Maruti Suzuki,Baleno,Chennai,DLR-CHN-02,724773,false
SAL-00566,CUS-00566,VEH-00682,2026-10-10,Maruti Suzuki,Brezza,Hyderabad,DLR-HYD-02,985199,true
SAL-00567,CUS-00567,VEH-00829,2026-10-10,Hyundai,i20,Delhi,DLR-DEL-03,912475,false
SAL-00568,CUS-00568,VEH-00820,2026-10-11,Maruti Suzuki,Swift,Gurgaon,DLR-GGN-02,689119,false
SAL-00569,CUS-00569,VEH-00237,2026-10-12,Toyota,Innova Hycross,Bengaluru,DLR-BLR-01,2292055,true
SAL-00570,CUS-00570,VEH-00146,2026-10-13,Tata,Nexon,Chennai,DLR-CHN-03,1569653,false
SAL-00571,CUS-00571,VEH-00290,2026-10-13,Hyundai,Creta,Hyderabad,DLR-HYD-01,1695894,false
SAL-00572,CUS-00572,VEH-00294,2026-10-13,Mahindra,Thar,Ahmedabad,DLR-AMD-01,1625404,true
SAL-00573,CUS-00573,VEH-00491,2026-10-13,Mahindra,XUV700,Bengaluru,DLR-BLR-01,2334821,false
SAL-00574,CUS-00574,VEH-00839,2026-10-14,Mahindra,XUV700,Delhi,DLR-DEL-02,2350070,false
SAL-00575,CUS-00575,VEH-00877,2026-10-15,Tata,Nexon,Gurgaon,DLR-GGN-01,1208063,true
SAL-00576,CUS-00576,VEH-00872,2026-10-16,Hyundai,Creta,Mumbai,DLR-MUM-03,1753691,true
SAL-00577,CUS-00577,VEH-00330,2026-10-17,Tata,Nexon,Bengaluru,DLR-BLR-03,1221151,true
SAL-00578,CUS-00578,VEH-00500,2026-10-17,Tata,Nexon,Mumbai,DLR-MUM-03,1099328,false
SAL-00579,CUS-00579,VEH-00508,2026-10-17,Honda,City,Chennai,DLR-CHN-02,1570558,false
SAL-00580,CUS-00580,VEH-00133,2026-10-18,Mahindra,Scorpio-N,Delhi,DLR-DEL-03,1913695,false
SAL-00581,CUS-00581,VEH-00671,2026-10-18,Hyundai,Creta,Ahmedabad,DLR-AMD-01,1643436,false
SAL-00582,CUS-00582,VEH-00845,2026-10-19,Kia,Seltos,Delhi,DLR-DEL-02,1627030,false
SAL-00583,CUS-00583,VEH-00559,2026-10-20,Mahindra,XUV700,Ahmedabad,DLR-AMD-01,2029889,false
SAL-00584,CUS-00584,VEH-00024,2026-10-21,Hyundai,Venue,Hyderabad,DLR-HYD-02,1064338,false
SAL-00585,CUS-00585,VEH-00466,2026-10-22,BMW,3 Series,Mumbai,DLR-MUM-03,5449541,true
SAL-00586,CUS-00586,VEH-00295,2026-10-23,Maruti Suzuki,Swift,Chennai,DLR-CHN-02,758890,true
SAL-00587,CUS-00587,VEH-00306,2026-10-23,Maruti Suzuki,Brezza,Bengaluru,DLR-BLR-01,1254900,false
SAL-00588,CUS-00588,VEH-00771,2026-10-23,Tata,Nexon,Pune,DLR-PUN-01,1788261,true
SAL-00589,CUS-00589,VEH-00794,2026-10-23,Hyundai,Creta,Hyderabad,DLR-HYD-02,1622795,true
SAL-00590,CUS-00590,VEH-00915,2026-10-23,Maruti Suzuki,Baleno,Mumbai,DLR-MUM-03,868584,true
SAL-00591,CUS-00591,VEH-00952,2026-10-23,Tata,Nexon,Mumbai,DLR-MUM-02,1141344,true
SAL-00592,CUS-00592,VEH-00443,2026-10-24,Kia,Seltos,Chennai,DLR-CHN-03,1751422,false
SAL-00593,CUS-00593,VEH-00792,2026-10-24,Maruti Suzuki,Baleno,Delhi,DLR-DEL-01,772836,false
SAL-00594,CUS-00594,VEH-00392,2026-10-25,Hyundai,Creta,Bengaluru,DLR-BLR-02,1502253,false
SAL-00595,CUS-00595,VEH-00840,2026-10-25,Honda,City,Chennai,DLR-CHN-01,1320678,false
SAL-00596,CUS-00596,VEH-00398,2026-10-26,MG,Hector,Bengaluru,DLR-BLR-02,1854511,true
SAL-00597,CUS-00597,VEH-00228,2026-10-27,Hyundai,i20,Hyderabad,DLR-HYD-02,941603,true
SAL-00598,CUS-00598,VEH-00366,2026-10-27,Kia,Seltos,Pune,DLR-PUN-02,1290464,true
SAL-00599,CUS-00599,VEH-00265,2026-10-29,Mahindra,XUV700,Chennai,DLR-CHN-03,1967708,true
SAL-00600,CUS-00600,VEH-00297,2026-10-31,Mahindra,Scorpio-N,Hyderabad,DLR-HYD-01,2299944,true
SAL-00601,CUS-00601,VEH-00514,2026-10-31,Hyundai,i20,Ahmedabad,DLR-AMD-02,989696,true
SAL-00602,CUS-00602,VEH-00074,2026-11-01,Hyundai,Creta,Delhi,DLR-DEL-02,1735311,true
SAL-00603,CUS-00603,VEH-00735,2026-11-01,Maruti Suzuki,Brezza,Bengaluru,DLR-BLR-03,1170112,false
SAL-00604,CUS-00604,VEH-00175,2026-11-02,Hyundai,Venue,Mumbai,DLR-MUM-02,1187868,false
SAL-00605,CUS-00605,VEH-00929,2026-11-02,Tata,Nexon,Mumbai,DLR-MUM-01,1651795,false
SAL-00606,CUS-00606,VEH-00611,2026-11-03,Hyundai,Creta,Mumbai,DLR-MUM-02,1397825,false
SAL-00607,CUS-00607,VEH-00692,2026-11-03,Hyundai,Creta,Chennai,DLR-CHN-03,1736863,true
SAL-00608,CUS-00608,VEH-00224,2026-11-04,Tata,Nexon,Hyderabad,DLR-HYD-02,1561497,false
SAL-00609,CUS-00609,VEH-00534,2026-11-04,Volkswagen,Virtus,Gurgaon,DLR-GGN-02,1626901,false
SAL-00610,CUS-00610,VEH-00910,2026-11-04,Hyundai,Venue,Hyderabad,DLR-HYD-01,1031142,false
SAL-00611,CUS-00611,VEH-00948,2026-11-04,Hyundai,Venue,Pune,DLR-PUN-02,1245876,false
SAL-00612,CUS-00612,VEH-00986,2026-11-04,Maruti Suzuki,Ertiga,Hyderabad,DLR-HYD-01,1196986,false
SAL-00613,CUS-00613,VEH-00269,2026-11-05,Hyundai,i20,Bengaluru,DLR-BLR-03,877949,false
SAL-00614,CUS-00614,VEH-00004,2026-11-06,Tata,Nexon,Pune,DLR-PUN-01,1864913,true
SAL-00615,CUS-00615,VEH-00194,2026-11-06,Tata,Nexon,Gurgaon,DLR-GGN-02,1844229,false
SAL-00616,CUS-00616,VEH-00456,2026-11-06,Maruti Suzuki,Swift,Gurgaon,DLR-GGN-01,744788,false
SAL-00617,CUS-00617,VEH-00935,2026-11-06,Kia,Seltos,Hyderabad,DLR-HYD-01,1560243,true
SAL-00618,CUS-00618,VEH-00375,2026-11-07,Kia,Seltos,Pune,DLR-PUN-01,1613305,false
SAL-00619,CUS-00619,VEH-00324,2026-11-08,Maruti Suzuki,Swift,Mumbai,DLR-MUM-01,782597,false
SAL-00620,CUS-00620,VEH-00525,2026-11-08,Hyundai,Venue,Chennai,DLR-CHN-03,1077851,false
SAL-00621,CUS-00621,VEH-00034,2026-11-09,MG,Hector,Mumbai,DLR-MUM-03,1972948,true
SAL-00622,CUS-00622,VEH-00625,2026-11-09,Maruti Suzuki,Baleno,Delhi,DLR-DEL-02,883399,false
SAL-00623,CUS-00623,VEH-00963,2026-11-10,Maruti Suzuki,Brezza,Pune,DLR-PUN-01,965655,true
SAL-00624,CUS-00624,VEH-00014,2026-11-11,Hyundai,Creta,Hyderabad,DLR-HYD-01,1658799,false
SAL-00625,CUS-00625,VEH-00757,2026-11-11,Maruti Suzuki,Swift,Gurgaon,DLR-GGN-02,731857,true
SAL-00626,CUS-00626,VEH-00345,2026-11-13,Hyundai,Creta,Pune,DLR-PUN-02,1531381,false
SAL-00627,CUS-00627,VEH-00374,2026-11-13,Maruti Suzuki,Brezza,Hyderabad,DLR-HYD-02,973484,false
SAL-00628,CUS-00628,VEH-00071,2026-11-14,Honda,City,Delhi,DLR-DEL-02,1527703,true
SAL-00629,CUS-00629,VEH-00353,2026-11-14,Volkswagen,Virtus,Bengaluru,DLR-BLR-01,1435583,false
SAL-00630,CUS-00630,VEH-00841,2026-11-14,Mahindra,XUV700,Mumbai,DLR-MUM-02,2479668,false
SAL-00631,CUS-00631,VEH-00847,2026-11-14,Honda,City,Mumbai,DLR-MUM-03,1334937,true
SAL-00632,CUS-00632,VEH-00908,2026-11-14,Toyota,Innova Hycross,Mumbai,DLR-MUM-03,2321685,false
SAL-00633,CUS-00633,VEH-00927,2026-11-14,Hyundai,Creta,Chennai,DLR-CHN-01,1714436,true
SAL-00634,CUS-00634,VEH-00911,2026-11-15,Tata,Nexon,Gurgaon,DLR-GGN-02,1397510,false
SAL-00635,CUS-00635,VEH-00212,2026-11-16,Mahindra,Thar,Mumbai,DLR-MUM-01,1675422,false
SAL-00636,CUS-00636,VEH-00904,2026-11-16,Maruti Suzuki,Ertiga,Mumbai,DLR-MUM-03,1226017,false
SAL-00637,CUS-00637,VEH-00141,2026-11-17,Maruti Suzuki,Ertiga,Chennai,DLR-CHN-02,1287327,true
SAL-00638,CUS-00638,VEH-00874,2026-11-17,Mahindra,Thar,Pune,DLR-PUN-02,1689277,true
SAL-00639,CUS-00639,VEH-00953,2026-11-17,Mahindra,Scorpio-N,Bengaluru,DLR-BLR-01,1807563,true
SAL-00640,CUS-00640,VEH-00129,2026-11-18,Hyundai,i20,Bengaluru,DLR-BLR-03,860108,false
SAL-00641,CUS-00641,VEH-00837,2026-11-18,Maruti Suzuki,Baleno,Gurgaon,DLR-GGN-02,838099,false
SAL-00642,CUS-00642,VEH-00050,2026-11-19,Hyundai,Creta,Chennai,DLR-CHN-03,1705152,true
SAL-00643,CUS-00643,VEH-00083,2026-11-19,Volkswagen,Virtus,Mumbai,DLR-MUM-01,1586763,false
SAL-00644,CUS-00644,VEH-00327,2026-11-19,Maruti Suzuki,Baleno,Gurgaon,DLR-GGN-01,818037,false
SAL-00645,CUS-00645,VEH-00504,2026-11-19,Hyundai,Venue,Delhi,DLR-DEL-01,946748,false
SAL-00646,CUS-00646,VEH-00307,2026-11-20,Kia,Seltos,Ahmedabad,DLR-AMD-01,1435690,false
SAL-00647,CUS-00647,VEH-00949,2026-11-20,Maruti Suzuki,Ertiga,Ahmedabad,DLR-AMD-02,1153416,true
SAL-00648,CUS-00648,VEH-00761,2026-11-21,Tata,Nexon,Mumbai,DLR-MUM-01,1167187,true
SAL-00649,CUS-00649,VEH-00496,2026-11-22,Maruti Suzuki,Swift,Hyderabad,DLR-HYD-02,779017,false
SAL-00650,CUS-00650,VEH-00333,2026-11-23,Hyundai,Creta,Pune,DLR-PUN-01,1670344,false
SAL-00651,CUS-00651,VEH-00922,2026-11-23,Hyundai,Venue,Bengaluru,DLR-BLR-03,998125,false
SAL-00652,CUS-00652,VEH-00094,2026-11-24,Tata,Nexon,Gurgaon,DLR-GGN-01,1478423,false
SAL-00653,CUS-00653,VEH-00185,2026-11-24,Mahindra,Thar,Bengaluru,DLR-BLR-02,1875128,true
SAL-00654,CUS-00654,VEH-00816,2026-11-24,Mahindra,Scorpio-N,Hyderabad,DLR-HYD-01,2067319,true
SAL-00655,CUS-00655,VEH-00849,2026-11-24,Hyundai,Creta,Delhi,DLR-DEL-03,1937307,true
SAL-00656,CUS-00656,VEH-00042,2026-11-26,Mahindra,Thar,Mumbai,DLR-MUM-01,1867183,false
SAL-00657,CUS-00657,VEH-00063,2026-11-26,Skoda,Kushaq,Ahmedabad,DLR-AMD-01,1598423,true
SAL-00658,CUS-00658,VEH-00449,2026-11-26,Tata,Nexon,Delhi,DLR-DEL-01,1188004,false
SAL-00659,CUS-00659,VEH-00793,2026-11-26,Tata,Nexon,Mumbai,DLR-MUM-03,1486137,true
SAL-00660,CUS-00660,VEH-00084,2026-11-27,Hyundai,Creta,Chennai,DLR-CHN-02,2063004,false
SAL-00661,CUS-00661,VEH-00658,2026-11-27,Maruti Suzuki,Brezza,Chennai,DLR-CHN-03,1010663,true
SAL-00662,CUS-00662,VEH-00826,2026-11-27,Tata,Nexon,Pune,DLR-PUN-01,1276601,false
SAL-00663,CUS-00663,VEH-00073,2026-11-28,Honda,City,Mumbai,DLR-MUM-01,1338161,false
SAL-00664,CUS-00664,VEH-00287,2026-11-29,Maruti Suzuki,Baleno,Pune,DLR-PUN-02,790146,false
SAL-00665,CUS-00665,VEH-00597,2026-12-01,Maruti Suzuki,Brezza,Chennai,DLR-CHN-01,1092132,true
SAL-00666,CUS-00666,VEH-00025,2026-12-03,Skoda,Kushaq,Ahmedabad,DLR-AMD-01,1369684,false
SAL-00667,CUS-00667,VEH-00104,2026-12-03,Kia,Seltos,Delhi,DLR-DEL-01,1437686,false
SAL-00668,CUS-00668,VEH-00222,2026-12-03,Hyundai,Venue,Chennai,DLR-CHN-02,1134615,false
SAL-00669,CUS-00669,VEH-00857,2026-12-03,Volkswagen,Virtus,Gurgaon,DLR-GGN-02,1435040,false
SAL-00670,CUS-00670,VEH-00167,2026-12-04,Maruti Suzuki,Baleno,Gurgaon,DLR-GGN-01,801674,false
SAL-00671,CUS-00671,VEH-00563,2026-12-04,Hyundai,Creta,Ahmedabad,DLR-AMD-01,1814504,true
SAL-00672,CUS-00672,VEH-00836,2026-12-04,Mahindra,Scorpio-N,Pune,DLR-PUN-03,2213080,false
SAL-00673,CUS-00673,VEH-00321,2026-12-05,Maruti Suzuki,Ertiga,Bengaluru,DLR-BLR-01,1145707,false
SAL-00674,CUS-00674,VEH-00408,2026-12-05,Maruti Suzuki,Baleno,Mumbai,DLR-MUM-02,834941,false
SAL-00675,CUS-00675,VEH-00298,2026-12-06,Hyundai,Creta,Bengaluru,DLR-BLR-03,1934486,false
SAL-00676,CUS-00676,VEH-00880,2026-12-06,Kia,Seltos,Ahmedabad,DLR-AMD-02,1707095,false
SAL-00677,CUS-00677,VEH-00766,2026-12-07,Hyundai,Creta,Bengaluru,DLR-BLR-01,1768802,true
SAL-00678,CUS-00678,VEH-00878,2026-12-07,Maruti Suzuki,Swift,Pune,DLR-PUN-03,687211,false
SAL-00679,CUS-00679,VEH-00782,2026-12-08,Mahindra,Scorpio-N,Delhi,DLR-DEL-01,1693135,false
SAL-00680,CUS-00680,VEH-00219,2026-12-09,Tata,Nexon,Pune,DLR-PUN-01,1793709,false
SAL-00681,CUS-00681,VEH-00377,2026-12-09,Tata,Nexon,Hyderabad,DLR-HYD-02,1621746,false
SAL-00682,CUS-00682,VEH-00730,2026-12-09,Honda,City,Pune,DLR-PUN-03,1572859,false
SAL-00683,CUS-00683,VEH-00885,2026-12-09,Maruti Suzuki,Swift,Hyderabad,DLR-HYD-01,660221,true
SAL-00684,CUS-00684,VEH-00195,2026-12-11,Hyundai,Venue,Pune,DLR-PUN-02,1206843,false
SAL-00685,CUS-00685,VEH-00633,2026-12-12,Maruti Suzuki,Brezza,Chennai,DLR-CHN-03,1054302,true
SAL-00686,CUS-00686,VEH-00768,2026-12-12,Mahindra,Thar,Chennai,DLR-CHN-01,1739899,true
SAL-00687,CUS-00687,VEH-00352,2026-12-13,Volkswagen,Virtus,Pune,DLR-PUN-01,1621871,false
SAL-00688,CUS-00688,VEH-00746,2026-12-13,Hyundai,Creta,Ahmedabad,DLR-AMD-02,1870136,false
SAL-00689,CUS-00689,VEH-00854,2026-12-14,Maruti Suzuki,Swift,Ahmedabad,DLR-AMD-01,689237,false
SAL-00690,CUS-00690,VEH-00303,2026-12-15,Mahindra,Thar,Ahmedabad,DLR-AMD-01,1833261,true
SAL-00691,CUS-00691,VEH-00660,2026-12-16,Skoda,Kushaq,Bengaluru,DLR-BLR-01,1570230,false
SAL-00692,CUS-00692,VEH-00823,2026-12-16,Mahindra,Thar,Pune,DLR-PUN-02,1863566,false
SAL-00693,CUS-00693,VEH-00410,2026-12-17,Hyundai,Creta,Bengaluru,DLR-BLR-03,1765914,true
SAL-00694,CUS-00694,VEH-00454,2026-12-19,Mahindra,Scorpio-N,Chennai,DLR-CHN-03,2139017,false
SAL-00695,CUS-00695,VEH-00689,2026-12-19,Kia,Seltos,Gurgaon,DLR-GGN-02,1443421,false
SAL-00696,CUS-00696,VEH-00223,2026-12-20,Kia,Seltos,Gurgaon,DLR-GGN-01,1354093,false
SAL-00697,CUS-00697,VEH-00359,2026-12-20,Mahindra,Thar,Gurgaon,DLR-GGN-02,1766722,false
SAL-00698,CUS-00698,VEH-00811,2026-12-20,Honda,City,Delhi,DLR-DEL-03,1492921,true
SAL-00699,CUS-00699,VEH-00812,2026-12-20,Maruti Suzuki,Brezza,Bengaluru,DLR-BLR-02,979306,false
SAL-00700,CUS-00700,VEH-00815,2026-12-20,Hyundai,Creta,Bengaluru,DLR-BLR-03,1652767,false
