trade_in_id,customer_id,new_vehicle_id,trade_in_date,trade_in_brand,trade_in_model,trade_in_year,trade_in_mileage,trade_in_value,location
TRD-00001,CUS-00001,VEH-00497,2025-01-23,Honda,City,2015,143491,52000,Delhi
TRD-00002,CUS-00005,VEH-00435,2025-02-12,Tata,Nexon,2013,90069,79000,Bengaluru
TRD-00003,CUS-00004,VEH-00030,2025-02-14,Kia,Seltos,2017,54358,116000,Delhi
TRD-00004,CUS-00006,VEH-00099,2025-02-16,Tata,Nexon,2019,28912,227000,Mumbai
TRD-00005,CUS-00008,VEH-00596,2025-02-23,Ford,EcoSport,2014,88242,68000,Mumbai
TRD-00006,CUS-00009,VEH-00694,2025-02-27,Mahindra,XUV500,2023,102616,221000,Bengaluru
TRD-00007,CUS-00011,VEH-00737,2025-03-02,Mahindra,XUV500,2022,125545,369000,Gurgaon
TRD-00008,CUS-00013,VEH-00291,2025-03-06,Toyota,Innova,2014,59465,139000,Delhi
TRD-00009,CUS-00015,VEH-00678,2025-03-09,Maruti Suzuki,Swift,2021,50440,169000,Ahmedabad
TRD-00010,CUS-00016,VEH-00109,2025-03-11,Maruti Suzuki,Dzire,2020,32416,351000,Delhi
TRD-00011,CUS-00017,VEH-00520,2025-03-18,Honda,Amaze,2022,29662,403000,Bengaluru
TRD-00012,CUS-00020,VEH-00038,2025-03-24,Renault,Kwid,2016,37179,125000,Hyderabad
TRD-00013,CUS-00021,VEH-00452,2025-03-26,Maruti Suzuki,Swift,2013,67434,75000,Chennai
TRD-00014,CUS-00024,VEH-00513,2025-03-31,Toyota,Innova,2019,30522,278000,Delhi
TRD-00015,CUS-00023,VEH-00851,2025-04-02,Renault,Kwid,2013,41033,110000,Pune
TRD-00016,CUS-00025,VEH-00892,2025-04-02,Toyota,Innova,2016,90291,118000,Mumbai
TRD-00017,CUS-00031,VEH-00059,2025-04-08,Hyundai,Creta,2021,133608,272000,Chennai
TRD-00018,CUS-00029,VEH-00615,2025-04-10,Hyundai,i20,2017,142060,141000,Delhi
TRD-00019,CUS-00032,VEH-00723,2025-04-11,Honda,City,2012,108001,116000,Bengaluru
TRD-00020,CUS-00034,VEH-00233,2025-04-14,Hyundai,i20,2018,92391,159000,Gurgaon
TRD-00021,CUS-00037,VEH-00956,2025-04-17,Ford,EcoSport,2015,106895,104000,Gurgaon
TRD-00022,CUS-00041,VEH-00421,2025-04-21,Tata,Tiago,2017,122656,173000,Bengaluru
TRD-00023,CUS-00042,VEH-00781,2025-04-21,Tata,Nexon,2020,141427,162000,Mumbai
TRD-00024,CUS-00049,VEH-00110,2025-05-01,Honda,City,2018,119001,168000,Bengaluru
TRD-00025,CUS-00050,VEH-00499,2025-05-06,Maruti Suzuki,Dzire,2023,49462,219000,Hyderabad
TRD-00026,CUS-00058,VEH-00371,2025-05-13,Tata,Tiago,2012,144113,100000,Delhi
TRD-00027,CUS-00056,VEH-00349,2025-05-15,Kia,Seltos,2012,29086,105000,Ahmedabad
TRD-00028,CUS-00060,VEH-00111,2025-05-17,Tata,Tiago,2019,85503,131000,Hyderabad
TRD-00029,CUS-00066,VEH-00891,2025-05-18,Hyundai,Venue,2023,18955,494000,Hyderabad
TRD-00030,CUS-00069,VEH-00210,2025-05-23,Ford,EcoSport,2017,50011,83000,Hyderabad
TRD-00031,CUS-00070,VEH-00602,2025-05-23,Tata,Tiago,2014,106410,59000,Hyderabad
TRD-00032,CUS-00073,VEH-00493,2025-05-25,Tata,Tiago,2018,40345,251000,Pune
TRD-00033,CUS-00071,VEH-00749,2025-05-25,Toyota,Innova,2014,85329,108000,Mumbai
TRD-00034,CUS-00074,VEH-00817,2025-05-30,Honda,Amaze,2022,50737,218000,Chennai
TRD-00035,CUS-00080,VEH-00714,2025-06-09,Honda,City,2019,56475,233000,Mumbai
TRD-00036,CUS-00088,VEH-00698,2025-06-19,Maruti Suzuki,Swift,2023,100729,306000,Bengaluru
TRD-00037,CUS-00092,VEH-00501,2025-06-20,Toyota,Innova,2019,25536,282000,Mumbai
TRD-00038,CUS-00090,VEH-00697,2025-06-21,Mahindra,XUV500,2020,126229,96000,Mumbai
TRD-00039,CUS-00095,VEH-00215,2025-06-25,Kia,Seltos,2019,61063,206000,Bengaluru
TRD-00040,CUS-00100,VEH-00665,2025-07-01,Maruti Suzuki,Swift,2013,74466,123000,Chennai
TRD-00041,CUS-00099,VEH-00346,2025-07-03,Honda,Amaze,2023,42400,475000,Hyderabad
TRD-00042,CUS-00104,VEH-00019,2025-07-04,Hyundai,Creta,2014,71833,60000,Gurgaon
TRD-00043,CUS-00106,VEH-00152,2025-07-10,Hyundai,i20,2022,50785,300000,Pune
TRD-00044,CUS-00110,VEH-00807,2025-07-15,Tata,Nexon,2017,57227,208000,Pune
TRD-00045,CUS-00112,VEH-00993,2025-07-16,Hyundai,i20,2020,124370,171000,Bengaluru
TRD-00046,CUS-00114,VEH-00075,2025-07-21,Mahindra,XUV500,2019,39211,166000,Mumbai
TRD-00047,CUS-00116,VEH-00871,2025-07-23,Ford,EcoSport,2018,18761,244000,Gurgaon
TRD-00048,CUS-00120,VEH-00013,2025-07-29,Maruti Suzuki,Dzire,2015,55342,51000,Hyderabad
TRD-00049,CUS-00122,VEH-00565,2025-07-31,Tata,Nexon,2018,115507,177000,Pune
TRD-00050,CUS-00134,VEH-00162,2025-08-06,Mahindra,XUV500,2015,142305,121000,Hyderabad
TRD-00051,CUS-00135,VEH-00397,2025-08-06,Maruti Suzuki,Dzire,2018,82103,269000,Mumbai
TRD-00052,CUS-00136,VEH-00779,2025-08-07,Honda,Amaze,2018,83779,205000,Chennai
TRD-00053,CUS-00144,VEH-00383,2025-08-15,Hyundai,Creta,2012,118582,59000,Mumbai
TRD-00054,CUS-00143,VEH-00824,2025-08-16,Renault,Kwid,2012,34531,75000,Delhi
TRD-00055,CUS-00147,VEH-00018,2025-08-18,Tata,Nexon,2021,114656,84000,Gurgaon
TRD-00056,CUS-00149,VEH-00809,2025-08-18,Honda,City,2019,28828,321000,Hyderabad
TRD-00057,CUS-00151,VEH-00122,2025-08-22,Kia,Seltos,2014,113584,102000,Mumbai
TRD-00058,CUS-00156,VEH-00335,2025-08-27,Renault,Kwid,2013,131268,78000,Bengaluru
TRD-00059,CUS-00157,VEH-00775,2025-08-28,Mahindra,XUV500,2018,44006,297000,Delhi
TRD-00060,CUS-00164,VEH-00480,2025-08-29,Mahindra,XUV500,2022,37493,302000,Mumbai
TRD-00061,CUS-00162,VEH-00405,2025-09-01,Ford,EcoSport,2023,83841,234000,Hyderabad
TRD-00062,CUS-00165,VEH-00136,2025-09-03,Hyundai,i20,2018,23028,205000,Pune
TRD-00063,CUS-00171,VEH-00713,2025-09-07,Hyundai,i20,2018,20314,171000,Ahmedabad
TRD-00064,CUS-00174,VEH-00918,2025-09-10,Toyota,Innova,2012,67853,112000,Mumbai
TRD-00065,CUS-00177,VEH-00144,2025-09-15,Hyundai,Venue,2017,73846,198000,Chennai
TRD-00066,CUS-00180,VEH-00969,2025-09-15,Mahindra,XUV500,2012,57883,64000,Hyderabad
TRD-00067,CUS-00181,VEH-00280,2025-09-18,Honda,Amaze,2016,141600,120000,Bengaluru
TRD-00068,CUS-00186,VEH-00488,2025-09-26,Honda,Amaze,2012,41822,49000,Mumbai
TRD-00069,CUS-00190,VEH-00239,2025-09-27,Honda,City,2021,31207,410000,Pune
TRD-00070,CUS-00188,VEH-00339,2025-09-28,Maruti Suzuki,Swift,2022,115616,243000,Gurgaon
TRD-00071,CUS-00191,VEH-00655,2025-09-30,Honda,City,2019,65655,220000,Pune
TRD-00072,CUS-00197,VEH-00179,2025-10-03,Ford,EcoSport,2021,87319,299000,Delhi
TRD-00073,CUS-00196,VEH-00894,2025-10-04,Mahindra,XUV500,2012,107517,46000,Gurgaon
TRD-00074,CUS-00208,VEH-00947,2025-10-14,Hyundai,Venue,2021,68338,156000,Pune
TRD-00075,CUS-00218,VEH-00171,2025-10-20,Kia,Seltos,2017,57515,250000,Bengaluru
TRD-00076,CUS-00215,VEH-00708,2025-10-22,Mahindra,XUV500,2023,96883,189000,Mumbai
TRD-00077,CUS-00217,VEH-00029,2025-10-23,Hyundai,Venue,2023,76427,176000,Delhi
TRD-00078,CUS-00219,VEH-00147,2025-10-24,Hyundai,Creta,2023,38142,178000,Ahmedabad
TRD-00079,CUS-00224,VEH-00968,2025-10-25,Honda,Amaze,2017,76783,99000,Mumbai
TRD-00080,CUS-00220,VEH-00994,2025-10-25,Hyundai,Venue,2018,90154,173000,Chennai
TRD-00081,CUS-00225,VEH-00118,2025-10-31,Tata,Tiago,2018,86650,272000,Bengaluru
TRD-00082,CUS-00227,VEH-00703,2025-10-31,Maruti Suzuki,Swift,2023,42928,471000,Ahmedabad
TRD-00083,CUS-00226,VEH-00197,2025-11-03,Kia,Seltos,2016,109318,63000,Pune
TRD-00084,CUS-00229,VEH-00209,2025-11-04,Mahindra,XUV500,2020,132066,323000,Bengaluru
TRD-00085,CUS-00234,VEH-00005,2025-11-08,Hyundai,Venue,2014,18471,76000,Mumbai
TRD-00086,CUS-00232,VEH-00907,2025-11-08,Tata,Tiago,2020,68351,282000,Hyderabad
TRD-00087,CUS-00238,VEH-00051,2025-11-09,Hyundai,Venue,2021,109320,93000,Mumbai
TRD-00088,CUS-00239,VEH-00226,2025-11-10,Tata,Tiago,2020,110766,175000,Mumbai
TRD-00089,CUS-00245,VEH-00489,2025-11-18,Honda,City,2023,53194,240000,Gurgaon
TRD-00090,CUS-00249,VEH-00883,2025-11-20,Hyundai,Venue,2012,87935,77000,Delhi
TRD-00091,CUS-00250,VEH-00040,2025-11-21,Honda,City,2014,53446,51000,Mumbai
TRD-00092,CUS-00255,VEH-00035,2025-11-24,Mahindra,XUV500,2021,66380,267000,Gurgaon
TRD-00093,CUS-00254,VEH-00900,2025-11-24,Toyota,Innova,2015,88070,54000,Hyderabad
TRD-00094,CUS-00266,VEH-00292,2025-11-28,Honda,City,2023,35512,480000,Hyderabad
TRD-00095,CUS-00268,VEH-00057,2025-11-29,Honda,City,2017,25505,70000,Mumbai
TRD-00096,CUS-00273,VEH-00577,2025-12-04,Hyundai,Venue,2023,144514,242000,Hyderabad
TRD-00097,CUS-00277,VEH-00718,2025-12-05,Mahindra,XUV500,2016,132036,89000,Delhi
TRD-00098,CUS-00274,VEH-00616,2025-12-06,Hyundai,Creta,2022,131768,154000,Pune
TRD-00099,CUS-00279,VEH-00646,2025-12-08,Honda,Amaze,2016,44728,178000,Bengaluru
TRD-00100,CUS-00280,VEH-00016,2025-12-09,Tata,Tiago,2015,113657,99000,Hyderabad
TRD-00101,CUS-00289,VEH-00252,2025-12-14,Maruti Suzuki,Dzire,2019,41791,337000,Pune
TRD-00102,CUS-00290,VEH-00641,2025-12-16,Toyota,Innova,2014,42754,152000,Pune
TRD-00103,CUS-00292,VEH-00846,2025-12-17,Mahindra,XUV500,2016,20758,151000,Mumbai
TRD-00104,CUS-00293,VEH-00835,2025-12-18,Hyundai,i20,2018,108094,104000,Ahmedabad
TRD-00105,CUS-00307,VEH-00917,2025-12-19,Hyundai,i20,2023,116362,108000,Mumbai
TRD-00106,CUS-00299,VEH-00380,2025-12-21,Tata,Nexon,2015,77640,109000,Bengaluru
TRD-00107,CUS-00310,VEH-00554,2025-12-21,Tata,Nexon,2012,32422,45000,Hyderabad
TRD-00108,CUS-00316,VEH-00560,2025-12-23,Maruti Suzuki,Swift,2012,143516,45000,Delhi
TRD-00109,CUS-00311,VEH-00186,2025-12-25,Hyundai,i20,2015,118940,45000,Delhi
TRD-00110,CUS-00325,VEH-00943,2025-12-28,Toyota,Innova,2023,29136,309000,Ahmedabad
TRD-00111,CUS-00328,VEH-00645,2025-12-29,Honda,Amaze,2019,38252,222000,Ahmedabad
TRD-00112,CUS-00327,VEH-00549,2025-12-30,Tata,Tiago,2021,134967,315000,Pune
TRD-00113,CUS-00330,VEH-00977,2025-12-31,Hyundai,Creta,2023,53056,244000,Bengaluru
TRD-00114,CUS-00334,VEH-00483,2026-02-02,Toyota,Innova,2012,31476,108000,Bengaluru
TRD-00115,CUS-00336,VEH-00254,2026-02-06,Hyundai,Creta,2018,36590,79000,Pune
TRD-00116,CUS-00338,VEH-00117,2026-02-13,Maruti Suzuki,Swift,2015,73985,107000,Mumbai
TRD-00117,CUS-00339,VEH-00535,2026-02-14,Hyundai,Venue,2022,68429,179000,Chennai
TRD-00118,CUS-00341,VEH-00351,2026-02-15,Honda,Amaze,2013,65250,52000,Chennai
TRD-00119,CUS-00340,VEH-00613,2026-02-16,Hyundai,Venue,2013,143365,70000,Hyderabad
TRD-00120,CUS-00345,VEH-00098,2026-02-26,Hyundai,i20,2014,74181,99000,Ahmedabad
TRD-00121,CUS-00351,VEH-00365,2026-03-03,Hyundai,i20,2022,108067,257000,Chennai
TRD-00122,CUS-00358,VEH-00230,2026-03-15,Honda,Amaze,2013,53532,154000,Gurgaon
TRD-00123,CUS-00360,VEH-00873,2026-03-16,Honda,City,2023,122685,153000,Chennai
TRD-00124,CUS-00368,VEH-00720,2026-04-03,Renault,Kwid,2022,37213,371000,Bengaluru
TRD-00125,CUS-00370,VEH-00542,2026-04-05,Tata,Nexon,2019,112547,260000,Bengaluru
TRD-00126,CUS-00372,VEH-00274,2026-04-07,Kia,Seltos,2018,143774,133000,Ahmedabad
TRD-00127,CUS-00374,VEH-00164,2026-04-10,Hyundai,i20,2014,118602,86000,Delhi
TRD-00128,CUS-00376,VEH-00474,2026-04-14,Tata,Nexon,2019,108888,224000,Pune
TRD-00129,CUS-00380,VEH-00856,2026-04-15,Tata,Tiago,2020,87962,340000,Hyderabad
TRD-00130,CUS-00377,VEH-00605,2026-04-16,Hyundai,i20,2022,138796,214000,Ahmedabad
TRD-00131,CUS-00381,VEH-00884,2026-04-19,Tata,Nexon,2013,94148,115000,Delhi
TRD-00132,CUS-00384,VEH-00516,2026-04-23,Ford,EcoSport,2013,48827,123000,Delhi
TRD-00133,CUS-00387,VEH-00326,2026-04-27,Hyundai,Venue,2012,65500,133000,Bengaluru
TRD-00134,CUS-00393,VEH-00693,2026-05-08,Maruti Suzuki,Swift,2017,65298,98000,Hyderabad
TRD-00135,CUS-00396,VEH-00960,2026-05-09,Toyota,Innova,2020,140072,237000,Ahmedabad
TRD-00136,CUS-00399,VEH-00264,2026-05-12,Maruti Suzuki,Swift,2023,36061,239000,Delhi
TRD-00137,CUS-00404,VEH-00242,2026-05-14,Tata,Nexon,2023,21453,494000,Pune
TRD-00138,CUS-00410,VEH-00389,2026-05-16,Maruti Suzuki,Swift,2023,31894,203000,Pune
TRD-00139,CUS-00412,VEH-00608,2026-05-18,Toyota,Innova,2021,132095,140000,Hyderabad
TRD-00140,CUS-00413,VEH-00267,2026-05-21,Hyundai,i20,2013,50118,57000,Delhi
TRD-00141,CUS-00414,VEH-00102,2026-05-24,Kia,Seltos,2018,37623,163000,Hyderabad
TRD-00142,CUS-00419,VEH-00673,2026-05-27,Ford,EcoSport,2014,116055,75000,Mumbai
TRD-00143,CUS-00421,VEH-00734,2026-05-30,Tata,Tiago,2022,109127,92000,Delhi
TRD-00144,CUS-00424,VEH-00763,2026-05-31,Hyundai,i20,2012,69955,118000,Bengaluru
TRD-00145,CUS-00422,VEH-00589,2026-06-02,Maruti Suzuki,Swift,2022,22209,260000,Chennai
TRD-00146,CUS-00427,VEH-00752,2026-06-05,Hyundai,Creta,2023,126726,273000,Ahmedabad
TRD-00147,CUS-00430,VEH-00341,2026-06-08,Honda,City,2023,47794,493000,Mumbai
TRD-00148,CUS-00433,VEH-00573,2026-06-15,Honda,City,2013,86354,113000,Delhi
TRD-00149,CUS-00434,VEH-00046,2026-06-16,Ford,EcoSport,2015,70481,45000,Ahmedabad
TRD-00150,CUS-00435,VEH-00675,2026-06-17,Toyota,Innova,2023,91307,181000,Gurgaon
TRD-00151,CUS-00437,VEH-00355,2026-06-20,Tata,Tiago,2017,103550,168000,Pune
TRD-00152,CUS-00441,VEH-00539,2026-06-24,Maruti Suzuki,Swift,2017,102757,150000,Ahmedabad
TRD-00153,CUS-00445,VEH-00576,2026-06-28,Maruti Suzuki,Dzire,2013,65540,91000,Delhi
TRD-00154,CUS-00449,VEH-00875,2026-06-30,Hyundai,i20,2020,31954,144000,Delhi
TRD-00155,CUS-00450,VEH-00448,2026-07-04,Kia,Seltos,2012,117158,72000,Delhi
TRD-00156,CUS-00451,VEH-00490,2026-07-05,Mahindra,XUV500,2012,49501,101000,Gurgaon
TRD-00157,CUS-00454,VEH-00278,2026-07-08,Kia,Seltos,2021,23881,446000,Gurgaon
TRD-00158,CUS-00455,VEH-00580,2026-07-09,Maruti Suzuki,Swift,2017,30217,186000,Chennai
TRD-00159,CUS-00456,VEH-00755,2026-07-09,Honda,Amaze,2016,143663,125000,Delhi
TRD-00160,CUS-00459,VEH-00112,2026-07-10,Renault,Kwid,2018,113117,188000,Chennai
TRD-00161,CUS-00460,VEH-00272,2026-07-12,Honda,Amaze,2018,135507,198000,Pune
TRD-00162,CUS-00462,VEH-00928,2026-07-15,Maruti Suzuki,Swift,2021,122342,262000,Bengaluru
TRD-00163,CUS-00464,VEH-00229,2026-07-18,Honda,City,2014,37862,146000,Ahmedabad
TRD-00164,CUS-00469,VEH-00813,2026-07-22,Mahindra,XUV500,2013,142887,70000,Ahmedabad
TRD-00165,CUS-00470,VEH-00081,2026-07-23,Renault,Kwid,2023,39108,557000,Delhi
TRD-00166,CUS-00477,VEH-00142,2026-07-25,Ford,EcoSport,2021,103379,241000,Delhi
TRD-00167,CUS-00484,VEH-00924,2026-07-31,Honda,Amaze,2016,65227,148000,Ahmedabad
TRD-00168,CUS-00485,VEH-00069,2026-08-01,Hyundai,Venue,2015,98004,53000,Gurgaon
TRD-00169,CUS-00486,VEH-00251,2026-08-02,Mahindra,XUV500,2019,30767,99000,Mumbai
TRD-00170,CUS-00490,VEH-00203,2026-08-11,Honda,Amaze,2014,140428,69000,Hyderabad
TRD-00171,CUS-00489,VEH-00100,2026-08-12,Renault,Kwid,2016,89714,68000,Mumbai
TRD-00172,CUS-00492,VEH-00570,2026-08-19,Kia,Seltos,2017,64316,79000,Bengaluru
TRD-00173,CUS-00494,VEH-00991,2026-08-19,Honda,City,2019,51557,328000,Mumbai
TRD-00174,CUS-00499,VEH-00919,2026-08-26,Maruti Suzuki,Dzire,2021,81997,118000,Bengaluru
TRD-00175,CUS-00502,VEH-00920,2026-08-26,Toyota,Innova,2021,142786,224000,Hyderabad
TRD-00176,CUS-00500,VEH-00441,2026-08-28,Tata,Nexon,2018,130328,95000,Mumbai
TRD-00177,CUS-00504,VEH-00955,2026-08-28,Hyundai,Creta,2019,52449,114000,Bengaluru
TRD-00178,CUS-00513,VEH-00747,2026-09-02,Mahindra,XUV500,2012,115129,70000,Pune
TRD-00179,CUS-00515,VEH-00844,2026-09-02,Maruti Suzuki,Swift,2014,129812,45000,Bengaluru
TRD-00180,CUS-00521,VEH-00522,2026-09-07,Mahindra,XUV500,2013,63735,122000,Delhi
TRD-00181,CUS-00520,VEH-00778,2026-09-08,Kia,Seltos,2018,129913,74000,Mumbai
TRD-00182,CUS-00527,VEH-00796,2026-09-09,Toyota,Innova,2019,32302,137000,Pune
TRD-00183,CUS-00528,VEH-00196,2026-09-16,Ford,EcoSport,2013,138253,97000,Bengaluru
TRD-00184,CUS-00533,VEH-00592,2026-09-16,Kia,Seltos,2019,45870,346000,Delhi
TRD-00185,CUS-00530,VEH-00870,2026-09-16,Tata,Nexon,2017,26450,189000,Chennai
TRD-00186,CUS-00539,VEH-00711,2026-09-20,Hyundai,i20,2022,45979,371000,Pune
TRD-00187,CUS-00536,VEH-00906,2026-09-22,Honda,City,2019,23017,175000,Delhi
TRD-00188,CUS-00542,VEH-00722,2026-09-24,Maruti Suzuki,Swift,2021,119476,236000,Chennai
TRD-00189,CUS-00549,VEH-00982,2026-09-29,Renault,Kwid,2018,80050,139000,Pune
TRD-00190,CUS-00553,VEH-00394,2026-10-02,Maruti Suzuki,Dzire,2014,27077,102000,Bengaluru
TRD-00191,CUS-00552,VEH-00255,2026-10-03,Renault,Kwid,2022,73433,270000,Pune
TRD-00192,CUS-00566,VEH-00682,2026-10-07,Maruti Suzuki,Dzire,2016,132527,148000,Hyderabad
TRD-00193,CUS-00569,VEH-00237,2026-10-08,Hyundai,Venue,2022,135056,211000,Bengaluru
TRD-00194,CUS-00572,VEH-00294,2026-10-13,Maruti Suzuki,Dzire,2018,62829,172000,Ahmedabad
TRD-00195,CUS-00577,VEH-00330,2026-10-13,Renault,Kwid,2021,44025,170000,Bengaluru
TRD-00196,CUS-00576,VEH-00872,2026-10-13,Honda,Amaze,2023,92752,408000,Mumbai
TRD-00197,CUS-00575,VEH-00877,2026-10-13,Tata,Nexon,2019,80324,159000,Gurgaon
TRD-00198,CUS-00585,VEH-00466,2026-10-18,Kia,Seltos,2014,60432,88000,Mumbai
TRD-00199,CUS-00586,VEH-00295,2026-10-20,Hyundai,i20,2019,131285,166000,Chennai
TRD-00200,CUS-00588,VEH-00771,2026-10-20,Honda,City,2020,112671,82000,Pune
TRD-00201,CUS-00596,VEH-00398,2026-10-22,Maruti Suzuki,Swift,2017,124663,129000,Bengaluru
TRD-00202,CUS-00589,VEH-00794,2026-10-22,Mahindra,XUV500,2019,101744,90000,Hyderabad
TRD-00203,CUS-00590,VEH-00915,2026-10-22,Tata,Nexon,2023,89576,238000,Mumbai
TRD-00204,CUS-00591,VEH-00952,2026-10-22,Honda,Amaze,2015,142829,67000,Mumbai
TRD-00205,CUS-00598,VEH-00366,2026-10-24,Tata,Nexon,2018,64101,212000,Pune
TRD-00206,CUS-00597,VEH-00228,2026-10-25,Hyundai,Creta,2013,109660,112000,Hyderabad
TRD-00207,CUS-00599,VEH-00265,2026-10-26,Hyundai,Creta,2017,32860,134000,Chennai
TRD-00208,CUS-00601,VEH-00514,2026-10-27,Tata,Nexon,2018,55359,281000,Ahmedabad
TRD-00209,CUS-00600,VEH-00297,2026-10-28,Tata,Nexon,2017,41186,129000,Hyderabad
TRD-00210,CUS-00602,VEH-00074,2026-10-30,Ford,EcoSport,2021,140932,143000,Delhi
TRD-00211,CUS-00617,VEH-00935,2026-11-02,Kia,Seltos,2012,105518,80000,Hyderabad
TRD-00212,CUS-00607,VEH-00692,2026-11-03,Maruti Suzuki,Dzire,2022,20153,440000,Chennai
TRD-00213,CUS-00614,VEH-00004,2026-11-06,Tata,Tiago,2023,116530,162000,Pune
TRD-00214,CUS-00623,VEH-00963,2026-11-07,Maruti Suzuki,Dzire,2017,144827,169000,Pune
TRD-00215,CUS-00621,VEH-00034,2026-11-08,Hyundai,Venue,2019,90297,234000,Mumbai
TRD-00216,CUS-00625,VEH-00757,2026-11-08,Maruti Suzuki,Swift,2017,120524,107000,Gurgaon
TRD-00217,CUS-00628,VEH-00071,2026-11-12,Mahindra,XUV500,2016,58291,184000,Delhi
TRD-00218,CUS-00637,VEH-00141,2026-11-13,Tata,Nexon,2015,90841,109000,Chennai
TRD-00219,CUS-00631,VEH-00847,2026-11-13,Maruti Suzuki,Swift,2018,22282,86000,Mumbai
TRD-00220,CUS-00638,VEH-00874,2026-11-14,Toyota,Innova,2012,123032,88000,Pune
TRD-00221,CUS-00633,VEH-00927,2026-11-14,Hyundai,i20,2017,128201,127000,Chennai
TRD-00222,CUS-00639,VEH-00953,2026-11-14,Ford,EcoSport,2014,70837,95000,Bengaluru
TRD-00223,CUS-00642,VEH-00050,2026-11-16,Hyundai,Venue,2013,111064,48000,Chennai
TRD-00224,CUS-00647,VEH-00949,2026-11-16,Renault,Kwid,2018,128497,150000,Ahmedabad
TRD-00225,CUS-00648,VEH-00761,2026-11-20,Honda,Amaze,2015,30223,63000,Mumbai
TRD-00226,CUS-00654,VEH-00816,2026-11-20,Maruti Suzuki,Dzire,2021,68122,116000,Hyderabad
TRD-00227,CUS-00659,VEH-00793,2026-11-23,Renault,Kwid,2016,104410,46000,Mumbai
TRD-00228,CUS-00655,VEH-00849,2026-11-23,Tata,Tiago,2022,100772,259000,Delhi
TRD-00229,CUS-00653,VEH-00185,2026-11-24,Tata,Nexon,2012,100430,46000,Bengaluru
TRD-00230,CUS-00657,VEH-00063,2026-11-25,Honda,City,2015,88178,87000,Ahmedabad
TRD-00231,CUS-00661,VEH-00658,2026-11-26,Mahindra,XUV500,2012,101674,45000,Chennai
TRD-00232,CUS-00665,VEH-00597,2026-11-27,Maruti Suzuki,Dzire,2013,36590,104000,Chennai
TRD-00233,CUS-00671,VEH-00563,2026-12-02,Hyundai,i20,2013,28142,153000,Ahmedabad
TRD-00234,CUS-00677,VEH-00766,2026-12-05,Toyota,Innova,2015,69222,55000,Bengaluru
TRD-00235,CUS-00685,VEH-00633,2026-12-09,Tata,Nexon,2017,101040,180000,Chennai
TRD-00236,CUS-00683,VEH-00885,2026-12-09,Tata,Nexon,2013,81768,46000,Hyderabad
TRD-00237,CUS-00690,VEH-00303,2026-12-11,Toyota,Innova,2012,33362,118000,Ahmedabad
TRD-00238,CUS-00686,VEH-00768,2026-12-11,Honda,City,2012,136441,58000,Chennai
TRD-00239,CUS-00693,VEH-00410,2026-12-15,Tata,Tiago,2021,96642,96000,Bengaluru
TRD-00240,CUS-00698,VEH-00811,2026-12-18,Maruti Suzuki,Dzire,2015,97444,45000,Delhi
