vehicle_id,brand,model,variant,fuel_type,location,dealer_id,stock_date,stock_status,listed_price
VEH-00001,Tata,Tiago,XZ+,Petrol,Pune,DLR-PUN-02,2025-09-09,In Stock,617000
VEH-00002,Maruti Suzuki,Baleno,Zeta,Petrol,Pune,DLR-PUN-03,2026-07-14,In Stock,742000
VEH-00003,Tata,Punch,Adventure,Petrol,Pune,DLR-PUN-01,2025-08-13,In Stock,759000
VEH-00004,Tata,Nexon,Fearless+,Electric,Pune,DLR-PUN-01,2026-10-29,Sold,1849000
VEH-00005,Tata,Nexon,Creative,Petrol,Mumbai,DLR-MUM-03,2025-10-13,Sold,983000
VEH-00006,Mahindra,Scorpio-N,Z8L,Diesel,Mumbai,DLR-MUM-02,2025-12-16,Sold,1974000
VEH-00007,Maruti Suzuki,Brezza,ZXI,Petrol,Gurgaon,DLR-GGN-02,2025-04-16,Sold,1027000
VEH-00008,Hyundai,Venue,S,Petrol,Bengaluru,DLR-BLR-02,2026-09-12,In Stock,1075000
VEH-00009,Mahindra,Thar,LX,Diesel,Chennai,DLR-CHN-03,2025-05-09,Sold,1807000
VEH-00010,Maruti Suzuki,Swift,VXI,Petrol,Bengaluru,DLR-BLR-03,2026-09-27,In Stock,741000
VEH-00011,Tata,Punch,Adventure,Petrol,Chennai,DLR-CHN-01,2026-11-10,In Stock,756000
VEH-00012,Mahindra,Scorpio-N,Z8L,Diesel,Gurgaon,DLR-GGN-01,2025-04-15,Sold,2079000
VEH-00013,Hyundai,Creta,SX,Petrol,Hyderabad,DLR-HYD-02,2025-06-17,Sold,1569000
VEH-00014,Hyundai,Creta,SX(O),Diesel,Hyderabad,DLR-HYD-01,2026-09-17,Sold,1725000
VEH-00015,Tata,Nexon,Creative,Petrol,Mumbai,DLR-MUM-02,2026-01-25,Sold,1118000
VEH-00016,BMW,3 Series,330Li,Petrol,Hyderabad,DLR-HYD-01,2025-11-30,Sold,4914000
VEH-00017,Maruti Suzuki,Ertiga,ZXI+,CNG,Pune,DLR-PUN-02,2026-02-16,Sold,1127000
VEH-00018,Maruti Suzuki,Swift,VXI,Petrol,Gurgaon,DLR-GGN-02,2025-08-07,Sold,776000
VEH-00019,Hyundai,Venue,S,Petrol,Gurgaon,DLR-GGN-02,2025-05-28,Sold,1075000
VEH-00020,Maruti Suzuki,Baleno,Zeta,Petrol,Chennai,DLR-CHN-03,2025-09-28,In Stock,869000
VEH-00021,Hyundai,i20,Asta,Petrol,Hyderabad,DLR-HYD-02,2025-08-14,Sold,815000
VEH-00022,Tata,Nexon,Fearless+,Electric,Pune,DLR-PUN-01,2025-04-24,Sold,1568000
VEH-00023,Tata,Punch,Adventure,Petrol,Chennai,DLR-CHN-02,2026-09-04,In Stock,672000
VEH-00024,Hyundai,Venue,S,Petrol,Hyderabad,DLR-HYD-02,2026-06-27,Sold,1068000
VEH-00025,Skoda,Kushaq,Style,Petrol,Ahmedabad,DLR-AMD-01,2026-11-29,Sold,1407000
VEH-00026,Tata,Tiago,XZ+,Petrol,Delhi,DLR-DEL-02,2026-10-20,In Stock,647000
VEH-00027,Maruti Suzuki,Baleno,Zeta,Petrol,Delhi,DLR-DEL-02,2025-01-05,In Stock,787000
VEH-00028,Skoda,Kushaq,Style,Petrol,Chennai,DLR-CHN-03,2025-04-20,In Stock,1595000
VEH-00029,Kia,Seltos,HTX,Petrol,Delhi,DLR-DEL-01,2025-06-07,Sold,1471000
VEH-00030,Mahindra,Scorpio-N,Z8L,Diesel,Delhi,DLR-DEL-03,2025-01-02,Sold,2303000
VEH-00031,Hyundai,Creta,SX,Petrol,Pune,DLR-PUN-02,2025-11-12,Sold,1502000
VEH-00032,Maruti Suzuki,Swift,VXI,Petrol,Ahmedabad,DLR-AMD-01,2025-03-30,Sold,773000
VEH-00033,Mahindra,Thar,LX,Diesel,Gurgaon,DLR-GGN-01,2025-05-13,Sold,1906000
VEH-00034,MG,Hector,Sharp,Petrol,Mumbai,DLR-MUM-03,2026-09-15,Sold,2053000
VEH-00035,Volkswagen,Virtus,GT,Petrol,Gurgaon,DLR-GGN-01,2025-11-17,Sold,1584000
VEH-00036,BMW,3 Series,330Li,Petrol,Hyderabad,DLR-HYD-02,2026-06-15,Sold,5724000
VEH-00037,Maruti Suzuki,Baleno,Zeta,Petrol,Mumbai,DLR-MUM-02,2025-01-23,Sold,870000
VEH-00038,Tata,Nexon,Creative,Petrol,Hyderabad,DLR-HYD-01,2025-03-15,Sold,1342000
VEH-00039,Tata,Punch,Adventure,Petrol,Mumbai,DLR-MUM-01,2025-12-06,In Stock,676000
VEH-00040,Tata,Nexon,Creative,Petrol,Mumbai,DLR-MUM-02,2025-08-09,Sold,1256000
VEH-00041,Maruti Suzuki,Baleno,Zeta,Petrol,Gurgaon,DLR-GGN-02,2025-09-07,Sold,841000
VEH-00042,Mahindra,Thar,LX,Diesel,Mumbai,DLR-MUM-01,2026-11-07,Sold,1861000
VEH-00043,Hyundai,Creta,SX(O),Diesel,Bengaluru,DLR-BLR-03,2025-02-26,Sold,1650000
VEH-00044,Maruti Suzuki,Swift,VXI,Petrol,Chennai,DLR-CHN-01,2025-09-13,Reserved,698000
VEH-00045,Maruti Suzuki,Brezza,ZXI,Petrol,Delhi,DLR-DEL-02,2025-07-08,In Stock,1122000
VEH-00046,Tata,Nexon,Fearless+,Electric,Ahmedabad,DLR-AMD-01,2026-03-31,Sold,1771000
VEH-00047,Maruti Suzuki,Baleno,Zeta,Petrol,Hyderabad,DLR-HYD-01,2025-04-07,In Stock,780000
VEH-00048,Maruti Suzuki,Brezza,ZXI,Petrol,Delhi,DLR-DEL-01,2026-02-16,Sold,1010000
VEH-00049,Maruti Suzuki,Brezza,ZXI,Petrol,Pune,DLR-PUN-02,2025-09-30,Sold,1212000
VEH-00050,Hyundai,Creta,SX,Petrol,Chennai,DLR-CHN-03,2026-07-25,Sold,1718000
VEH-00051,Mahindra,XUV700,AX7,Diesel,Mumbai,DLR-MUM-02,2025-08-12,Sold,1949000
VEH-00052,Tata,Punch,Adventure,Petrol,Delhi,DLR-DEL-03,2025-11-19,In Stock,669000
VEH-00053,Maruti Suzuki,Swift,VXI,Petrol,Delhi,DLR-DEL-03,2025-06-12,Reserved,663000
VEH-00054,Volkswagen,Virtus,GT,Petrol,Pune,DLR-PUN-01,2025-03-13,Sold,1684000
VEH-00055,Maruti Suzuki,Swift,VXI,Petrol,Ahmedabad,DLR-AMD-02,2025-05-04,Sold,712000
VEH-00056,Tata,Punch,Adventure,Petrol,Pune,DLR-PUN-01,2026-03-07,In Stock,907000
VEH-00057,Hyundai,Creta,SX,Petrol,Mumbai,DLR-MUM-03,2025-11-19,Sold,1502000
VEH-00058,Hyundai,Creta,SX,Petrol,Mumbai,DLR-MUM-03,2025-11-05,Sold,1614000
VEH-00059,Hyundai,Creta,SX,Petrol,Chennai,DLR-CHN-01,2025-01-11,Sold,1614000
VEH-00060,Tata,Punch,Adventure,Petrol,Delhi,DLR-DEL-01,2025-03-18,In Stock,749000
VEH-00061,Tata,Nexon,Fearless+,Electric,Mumbai,DLR-MUM-02,2025-03-13,Sold,1615000
VEH-00062,Hyundai,Venue,S,Petrol,Mumbai,DLR-MUM-03,2025-11-07,Sold,1253000
VEH-00063,Skoda,Kushaq,Style,Petrol,Ahmedabad,DLR-AMD-01,2026-11-16,Sold,1596000
VEH-00064,MG,Hector,Sharp,Petrol,Pune,DLR-PUN-01,2025-09-29,Sold,1738000
VEH-00065,Toyota,Innova Hycross,ZX,Hybrid,Chennai,DLR-CHN-01,2025-10-07,Sold,2568000
VEH-00066,Tata,Punch,Adventure,Petrol,Chennai,DLR-CHN-01,2026-10-13,In Stock,775000
VEH-00067,Tata,Nexon,Fearless+,Electric,Mumbai,DLR-MUM-01,2025-04-06,Sold,1814000
VEH-00068,Hyundai,i20,Asta,Petrol,Mumbai,DLR-MUM-01,2025-12-09,In Stock,977000
VEH-00069,Maruti Suzuki,Baleno,Zeta,Petrol,Gurgaon,DLR-GGN-01,2026-03-30,Sold,861000
VEH-00070,Tata,Tiago,XZ+,Petrol,Delhi,DLR-DEL-01,2025-03-20,In Stock,736000
VEH-00071,Honda,City,ZX,Petrol,Delhi,DLR-DEL-02,2026-08-21,Sold,1562000
VEH-00072,Maruti Suzuki,Baleno,Zeta,Petrol,Mumbai,DLR-MUM-02,2026-01-10,Sold,730000
VEH-00073,Honda,City,ZX,Petrol,Mumbai,DLR-MUM-01,2026-11-15,Sold,1332000
VEH-00074,Hyundai,Creta,SX(O),Diesel,Delhi,DLR-DEL-02,2026-09-29,Sold,1708000
VEH-00075,Honda,City,ZX,Petrol,Mumbai,DLR-MUM-01,2025-07-02,Sold,1491000
VEH-00076,Maruti Suzuki,Swift,VXI,Petrol,Chennai,DLR-CHN-02,2026-02-27,Sold,712000
VEH-00077,Hyundai,Creta,SX,Petrol,Chennai,DLR-CHN-01,2026-01-28,Sold,1826000
VEH-00078,Maruti Suzuki,Swift,VXI,Petrol,Delhi,DLR-DEL-01,2026-04-18,Sold,738000
VEH-00079,Hyundai,Creta,SX,Petrol,Chennai,DLR-CHN-01,2025-08-18,Sold,1392000
VEH-00080,Tata,Tiago,XZ+,Petrol,Bengaluru,DLR-BLR-02,2025-03-14,In Stock,631000
VEH-00081,Hyundai,Creta,SX(O),Diesel,Delhi,DLR-DEL-03,2026-07-05,Sold,1889000
VEH-00082,MG,Hector,Sharp,Petrol,Pune,DLR-PUN-02,2025-07-03,Reserved,2214000
VEH-00083,Volkswagen,Virtus,GT,Petrol,Mumbai,DLR-MUM-01,2026-09-04,Sold,1602000
VEH-00084,Hyundai,Creta,SX(O),Diesel,Chennai,DLR-CHN-02,2026-09-14,Sold,2073000
VEH-00085,Maruti Suzuki,Baleno,Zeta,Petrol,Gurgaon,DLR-GGN-01,2025-09-19,Sold,731000
VEH-00086,Tata,Tiago,XZ+,Petrol,Pune,DLR-PUN-03,2026-11-19,In Stock,610000
VEH-00087,Hyundai,Creta,SX(O),Diesel,Pune,DLR-PUN-03,2025-12-06,Sold,1871000
VEH-00088,Tata,Tiago,XZ+,Petrol,Mumbai,DLR-MUM-02,2026-06-05,In Stock,639000
VEH-00089,Tata,Tiago,XZ+,Petrol,Bengaluru,DLR-BLR-03,2025-10-31,In Stock,701000
VEH-00090,Maruti Suzuki,Baleno,Zeta,Petrol,Delhi,DLR-DEL-02,2026-11-26,In Stock,764000
VEH-00091,Tata,Punch,Adventure,Petrol,Bengaluru,DLR-BLR-03,2025-01-02,In Stock,795000
VEH-00092,Hyundai,Creta,SX,Petrol,Delhi,DLR-DEL-03,2026-09-15,Sold,1715000
VEH-00093,Hyundai,Creta,SX,Petrol,Delhi,DLR-DEL-03,2025-08-08,Sold,1641000
VEH-00094,Tata,Nexon,Fearless+,Electric,Gurgaon,DLR-GGN-01,2026-11-07,Sold,1533000
VEH-00095,Hyundai,Creta,SX,Petrol,Hyderabad,DLR-HYD-02,2025-04-07,Sold,1799000
VEH-00096,Volkswagen,Virtus,GT,Petrol,Mumbai,DLR-MUM-02,2025-08-20,Sold,1792000
VEH-00097,Maruti Suzuki,Brezza,ZXI,Petrol,Pune,DLR-PUN-01,2026-05-03,Sold,1017000
VEH-00098,Hyundai,i20,Asta,Petrol,Ahmedabad,DLR-AMD-01,2026-01-30,Sold,906000
VEH-00099,Hyundai,Venue,S,Petrol,Mumbai,DLR-MUM-03,2025-01-07,Sold,994000
VEH-00100,Mahindra,Scorpio-N,Z8L,Diesel,Mumbai,DLR-MUM-03,2026-06-16,Sold,2165000
VEH-00101,Maruti Suzuki,Swift,VXI,Petrol,Mumbai,DLR-MUM-01,2026-04-14,In Stock,683000
VEH-00102,Mahindra,Thar,LX,Diesel,Hyderabad,DLR-HYD-02,2026-03-31,Sold,1936000
VEH-00103,Hyundai,i20,Asta,Petrol,Gurgaon,DLR-GGN-02,2025-06-13,Sold,970000
VEH-00104,Kia,Seltos,HTX,Petrol,Delhi,DLR-DEL-01,2026-10-16,Sold,1421000
VEH-00105,Mahindra,Scorpio-N,Z8L,Diesel,Delhi,DLR-DEL-03,2025-09-03,Reserved,1971000
VEH-00106,Hyundai,i20,Asta,Petrol,Chennai,DLR-CHN-01,2025-10-07,Sold,865000
VEH-00107,Hyundai,Creta,SX,Petrol,Delhi,DLR-DEL-01,2025-06-05,Sold,1498000
VEH-00108,Hyundai,Venue,S,Petrol,Mumbai,DLR-MUM-01,2025-03-08,Sold,1152000
VEH-00109,Hyundai,Venue,S,Petrol,Delhi,DLR-DEL-02,2025-03-06,Sold,1045000
VEH-00110,Kia,Seltos,HTX,Petrol,Bengaluru,DLR-BLR-03,2025-01-22,Sold,1718000
VEH-00111,Toyota,Innova Hycross,ZX,Hybrid,Hyderabad,DLR-HYD-02,2025-01-08,Sold,3245000
VEH-00112,Hyundai,Creta,SX(O),Diesel,Chennai,DLR-CHN-02,2026-07-07,Sold,1775000
VEH-00113,Tata,Nexon,Fearless+,Electric,Mumbai,DLR-MUM-02,2025-01-31,Sold,1689000
VEH-00114,Hyundai,Creta,SX(O),Diesel,Hyderabad,DLR-HYD-02,2025-06-20,Sold,2028000
VEH-00115,Honda,City,ZX,Petrol,Gurgaon,DLR-GGN-01,2026-02-09,Sold,1583000
VEH-00116,Tata,Punch,Adventure,Petrol,Pune,DLR-PUN-03,2026-03-16,In Stock,709000
VEH-00117,Kia,Seltos,HTX,Petrol,Mumbai,DLR-MUM-02,2026-01-25,Sold,1447000
VEH-00118,Maruti Suzuki,Ertiga,ZXI+,CNG,Bengaluru,DLR-BLR-02,2025-10-13,Sold,1205000
VEH-00119,Maruti Suzuki,Ertiga,ZXI+,CNG,Pune,DLR-PUN-01,2026-07-08,Sold,1016000
VEH-00120,BMW,3 Series,330Li,Petrol,Bengaluru,DLR-BLR-03,2025-03-13,In Stock,4882000
VEH-00121,Mahindra,XUV700,AX7,Diesel,Gurgaon,DLR-GGN-01,2025-01-22,Sold,2526000
VEH-00122,Maruti Suzuki,Brezza,ZXI,Petrol,Mumbai,DLR-MUM-03,2025-04-29,Sold,1268000
VEH-00123,Volkswagen,Virtus,GT,Petrol,Delhi,DLR-DEL-02,2026-01-14,Sold,1465000
VEH-00124,Tata,Punch,Adventure,Petrol,Gurgaon,DLR-GGN-01,2025-06-18,In Stock,799000
VEH-00125,Maruti Suzuki,Baleno,Zeta,Petrol,Pune,DLR-PUN-02,2026-08-14,In Stock,816000
VEH-00126,Hyundai,Venue,S,Petrol,Chennai,DLR-CHN-01,2026-08-31,Sold,1261000
VEH-00127,Maruti Suzuki,Ertiga,ZXI+,CNG,Chennai,DLR-CHN-02,2026-09-08,In Stock,1051000
VEH-00128,Mahindra,Thar,LX,Diesel,Delhi,DLR-DEL-01,2025-12-23,Sold,1965000
VEH-00129,Hyundai,i20,Asta,Petrol,Bengaluru,DLR-BLR-03,2026-10-27,Sold,867000
VEH-00130,Maruti Suzuki,Swift,VXI,Petrol,Delhi,DLR-DEL-02,2025-04-20,Sold,759000
VEH-00131,Volkswagen,Virtus,GT,Petrol,Hyderabad,DLR-HYD-02,2025-06-07,Reserved,1602000
VEH-00132,Maruti Suzuki,Brezza,ZXI,Petrol,Delhi,DLR-DEL-03,2025-10-05,In Stock,1255000
VEH-00133,Mahindra,Scorpio-N,Z8L,Diesel,Delhi,DLR-DEL-03,2026-08-31,Sold,1964000
VEH-00134,Hyundai,Creta,SX,Petrol,Mumbai,DLR-MUM-01,2025-10-14,Sold,1831000
VEH-00135,Hyundai,i20,Asta,Petrol,Chennai,DLR-CHN-03,2026-09-18,In Stock,951000
VEH-00136,Hyundai,Venue,S,Petrol,Pune,DLR-PUN-02,2025-07-07,Sold,1189000
VEH-00137,Maruti Suzuki,Ertiga,ZXI+,CNG,Chennai,DLR-CHN-02,2025-10-15,In Stock,1131000
VEH-00138,Tata,Nexon,Creative,Petrol,Delhi,DLR-DEL-01,2025-03-30,Sold,1103000
VEH-00139,Mahindra,XUV700,AX7,Diesel,Delhi,DLR-DEL-01,2026-05-04,Sold,2551000
VEH-00140,Tata,Tiago,XZ+,Petrol,Delhi,DLR-DEL-01,2025-04-07,In Stock,635000
VEH-00141,Maruti Suzuki,Ertiga,ZXI+,CNG,Chennai,DLR-CHN-02,2026-11-12,Sold,1287000
VEH-00142,Hyundai,Venue,S,Petrol,Delhi,DLR-DEL-02,2026-03-13,Sold,1221000
VEH-00143,Hyundai,Creta,SX(O),Diesel,Chennai,DLR-CHN-02,2025-11-11,Sold,1807000
VEH-00144,Maruti Suzuki,Ertiga,ZXI+,CNG,Chennai,DLR-CHN-02,2025-05-04,Sold,1264000
VEH-00145,Volkswagen,Virtus,GT,Petrol,Chennai,DLR-CHN-01,2025-08-11,Sold,1758000
VEH-00146,Tata,Nexon,Fearless+,Electric,Chennai,DLR-CHN-03,2026-09-05,Sold,1634000
VEH-00147,Skoda,Kushaq,Style,Petrol,Ahmedabad,DLR-AMD-02,2025-08-22,Sold,1659000
VEH-00148,Maruti Suzuki,Brezza,ZXI,Petrol,Pune,DLR-PUN-03,2025-05-11,Sold,1120000
VEH-00149,Maruti Suzuki,Swift,VXI,Petrol,Pune,DLR-PUN-02,2025-05-11,Reserved,774000
VEH-00150,Maruti Suzuki,Baleno,Zeta,Petrol,Pune,DLR-PUN-02,2026-04-27,Sold,842000
VEH-00151,Hyundai,i20,Asta,Petrol,Mumbai,DLR-MUM-01,2025-09-17,Sold,902000
VEH-00152,Maruti Suzuki,Baleno,Zeta,Petrol,Pune,DLR-PUN-02,2025-03-18,Sold,867000
VEH-00153,Tata,Punch,Adventure,Petrol,Pune,DLR-PUN-01,2026-08-01,In Stock,795000
VEH-00154,Maruti Suzuki,Swift,VXI,Petrol,Mumbai,DLR-MUM-03,2026-03-04,Sold,706000
VEH-00155,Mahindra,Scorpio-N,Z8L,Diesel,Bengaluru,DLR-BLR-02,2025-11-02,In Stock,2292000
VEH-00156,BMW,3 Series,330Li,Petrol,Bengaluru,DLR-BLR-03,2025-03-04,Reserved,5003000
VEH-00157,Volkswagen,Virtus,GT,Petrol,Mumbai,DLR-MUM-01,2025-09-29,Reserved,1718000
VEH-00158,Maruti Suzuki,Swift,VXI,Petrol,Mumbai,DLR-MUM-03,2025-03-19,Sold,689000
VEH-00159,Maruti Suzuki,Swift,VXI,Petrol,Delhi,DLR-DEL-03,2026-04-28,Sold,723000
VEH-00160,Maruti Suzuki,Swift,VXI,Petrol,Bengaluru,DLR-BLR-02,2026-04-11,Sold,667000
VEH-00161,Tata,Tiago,XZ+,Petrol,Gurgaon,DLR-GGN-01,2026-03-13,In Stock,589000
VEH-00162,Tata,Nexon,Creative,Petrol,Hyderabad,DLR-HYD-02,2025-05-27,Sold,1016000
VEH-00163,Maruti Suzuki,Swift,VXI,Petrol,Chennai,DLR-CHN-03,2026-08-07,Sold,722000
VEH-00164,Hyundai,i20,Asta,Petrol,Delhi,DLR-DEL-02,2026-02-18,Sold,849000
VEH-00165,Tata,Nexon,Fearless+,Electric,Delhi,DLR-DEL-01,2026-09-06,Sold,1510000
VEH-00166,Toyota,Innova Hycross,ZX,Hybrid,Chennai,DLR-CHN-03,2025-09-15,In Stock,2306000
VEH-00167,Maruti Suzuki,Baleno,Zeta,Petrol,Gurgaon,DLR-GGN-01,2026-11-21,Sold,788000
VEH-00168,Tata,Punch,Adventure,Petrol,Chennai,DLR-CHN-01,2026-04-28,In Stock,905000
VEH-00169,Tata,Tiago,XZ+,Petrol,Gurgaon,DLR-GGN-01,2026-08-24,In Stock,671000
VEH-00170,Tata,Punch,Adventure,Petrol,Delhi,DLR-DEL-01,2026-04-28,In Stock,818000
VEH-00171,Hyundai,Venue,S,Petrol,Bengaluru,DLR-BLR-01,2025-06-15,Sold,1108000
VEH-00172,Hyundai,Venue,S,Petrol,Delhi,DLR-DEL-03,2026-02-16,Sold,1221000
VEH-00173,Maruti Suzuki,Swift,VXI,Petrol,Pune,DLR-PUN-02,2025-11-29,Sold,678000
VEH-00174,Skoda,Kushaq,Style,Petrol,Bengaluru,DLR-BLR-03,2025-01-03,Sold,1763000
VEH-00175,Hyundai,Venue,S,Petrol,Mumbai,DLR-MUM-02,2026-10-01,Sold,1195000
VEH-00176,Tata,Punch,Adventure,Petrol,Chennai,DLR-CHN-01,2025-10-02,In Stock,707000
VEH-00177,MG,Hector,Sharp,Petrol,Delhi,DLR-DEL-03,2026-05-13,In Stock,1744000
VEH-00178,Maruti Suzuki,Swift,VXI,Petrol,Hyderabad,DLR-HYD-01,2025-06-13,Sold,728000
VEH-00179,Tata,Nexon,Creative,Petrol,Delhi,DLR-DEL-01,2025-08-20,Sold,1038000
VEH-00180,Tata,Nexon,Fearless+,Electric,Pune,DLR-PUN-01,2026-05-27,Sold,1856000
VEH-00181,Hyundai,Creta,SX,Petrol,Chennai,DLR-CHN-02,2026-05-11,Sold,1881000
VEH-00182,Tata,Nexon,Fearless+,Electric,Delhi,DLR-DEL-01,2026-01-29,Sold,1587000
VEH-00183,Honda,City,ZX,Petrol,Delhi,DLR-DEL-01,2025-03-14,Sold,1421000
VEH-00184,Mahindra,Scorpio-N,Z8L,Diesel,Ahmedabad,DLR-AMD-02,2026-06-05,In Stock,1963000
VEH-00185,Mahindra,Thar,LX,Diesel,Bengaluru,DLR-BLR-02,2026-08-26,Sold,1921000
VEH-00186,Kia,Seltos,HTX,Petrol,Delhi,DLR-DEL-02,2025-12-21,Sold,1450000
VEH-00187,Tata,Nexon,Creative,Petrol,Delhi,DLR-DEL-02,2025-11-27,Sold,1076000
VEH-00188,Skoda,Kushaq,Style,Petrol,Mumbai,DLR-MUM-02,2025-08-29,Reserved,1710000
VEH-00189,Maruti Suzuki,Swift,VXI,Petrol,Chennai,DLR-CHN-03,2026-01-27,Sold,747000
VEH-00190,BMW,3 Series,330Li,Petrol,Chennai,DLR-CHN-03,2025-06-06,Sold,5814000
VEH-00191,Volkswagen,Virtus,GT,Petrol,Mumbai,DLR-MUM-03,2025-12-07,Sold,1825000
VEH-00192,Maruti Suzuki,Baleno,Zeta,Petrol,Ahmedabad,DLR-AMD-01,2026-06-24,Sold,836000
VEH-00193,Maruti Suzuki,Swift,VXI,Petrol,Mumbai,DLR-MUM-03,2025-06-09,Reserved,668000
VEH-00194,Tata,Nexon,Fearless+,Electric,Gurgaon,DLR-GGN-02,2026-10-02,Sold,1844000
VEH-00195,Hyundai,Venue,S,Petrol,Pune,DLR-PUN-02,2026-11-23,Sold,1213000
VEH-00196,Hyundai,Venue,S,Petrol,Bengaluru,DLR-BLR-03,2026-05-16,Sold,1217000
VEH-00197,Maruti Suzuki,Swift,VXI,Petrol,Pune,DLR-PUN-03,2025-10-23,Sold,707000
VEH-00198,Mahindra,XUV700,AX7,Diesel,Delhi,DLR-DEL-01,2026-10-12,In Stock,2610000
VEH-00199,Toyota,Innova Hycross,ZX,Hybrid,Delhi,DLR-DEL-03,2025-11-04,Sold,3205000
VEH-00200,Maruti Suzuki,Swift,VXI,Petrol,Bengaluru,DLR-BLR-01,2025-10-29,Sold,740000
VEH-00201,Hyundai,Venue,S,Petrol,Mumbai,DLR-MUM-03,2026-02-27,Sold,1229000
VEH-00202,Tata,Tiago,XZ+,Petrol,Mumbai,DLR-MUM-01,2025-03-23,In Stock,716000
VEH-00203,Toyota,Innova Hycross,ZX,Hybrid,Hyderabad,DLR-HYD-01,2026-05-26,Sold,3214000
VEH-00204,Tata,Punch,Adventure,Petrol,Mumbai,DLR-MUM-03,2025-09-19,In Stock,875000
VEH-00205,Maruti Suzuki,Ertiga,ZXI+,CNG,Pune,DLR-PUN-02,2025-10-23,Sold,1269000
VEH-00206,Maruti Suzuki,Brezza,ZXI,Petrol,Delhi,DLR-DEL-02,2026-08-26,Sold,1133000
VEH-00207,Tata,Tiago,XZ+,Petrol,Delhi,DLR-DEL-02,2026-04-14,In Stock,637000
VEH-00208,Maruti Suzuki,Brezza,ZXI,Petrol,Bengaluru,DLR-BLR-02,2025-04-21,In Stock,1101000
VEH-00209,Hyundai,Venue,S,Petrol,Bengaluru,DLR-BLR-02,2025-10-31,Sold,951000
VEH-00210,Skoda,Kushaq,Style,Petrol,Hyderabad,DLR-HYD-02,2025-01-10,Sold,1340000
VEH-00211,Honda,City,ZX,Petrol,Chennai,DLR-CHN-02,2025-08-25,Reserved,1590000
VEH-00212,Mahindra,Thar,LX,Diesel,Mumbai,DLR-MUM-01,2026-09-29,Sold,1676000
VEH-00213,Tata,Tiago,XZ+,Petrol,Chennai,DLR-CHN-03,2025-05-22,In Stock,720000
VEH-00214,Maruti Suzuki,Baleno,Zeta,Petrol,Hyderabad,DLR-HYD-01,2025-11-14,Sold,832000
VEH-00215,Maruti Suzuki,Swift,VXI,Petrol,Bengaluru,DLR-BLR-01,2025-04-04,Sold,724000
VEH-00216,Hyundai,Creta,SX,Petrol,Bengaluru,DLR-BLR-01,2025-05-17,Sold,1782000
VEH-00217,Tata,Nexon,Creative,Petrol,Gurgaon,DLR-GGN-02,2025-06-19,Sold,1111000
VEH-00218,Honda,City,ZX,Petrol,Gurgaon,DLR-GGN-02,2025-12-14,Sold,1338000
VEH-00219,Tata,Nexon,Fearless+,Electric,Pune,DLR-PUN-01,2026-11-25,Sold,1860000
VEH-00220,Tata,Tiago,XZ+,Petrol,Bengaluru,DLR-BLR-03,2026-01-11,In Stock,583000
VEH-00221,Mahindra,Thar,LX,Diesel,Pune,DLR-PUN-03,2025-05-08,Sold,1885000
VEH-00222,Hyundai,Venue,S,Petrol,Chennai,DLR-CHN-02,2026-08-23,Sold,1135000
VEH-00223,Kia,Seltos,HTX,Petrol,Gurgaon,DLR-GGN-01,2026-11-24,Sold,1399000
VEH-00224,Tata,Nexon,Fearless+,Electric,Hyderabad,DLR-HYD-02,2026-09-18,Sold,1603000
VEH-00225,Tata,Tiago,XZ+,Petrol,Hyderabad,DLR-HYD-02,2025-11-07,In Stock,726000
VEH-00226,Hyundai,Venue,S,Petrol,Mumbai,DLR-MUM-01,2025-11-09,Sold,1192000
VEH-00227,Maruti Suzuki,Baleno,Zeta,Petrol,Mumbai,DLR-MUM-03,2025-05-20,Sold,819000
VEH-00228,Hyundai,i20,Asta,Petrol,Hyderabad,DLR-HYD-02,2026-08-26,Sold,970000
VEH-00229,Mahindra,XUV700,AX7,Diesel,Ahmedabad,DLR-AMD-01,2026-05-18,Sold,2520000
VEH-00230,Hyundai,Venue,S,Petrol,Gurgaon,DLR-GGN-01,2026-01-16,Sold,1051000
VEH-00231,Hyundai,i20,Asta,Petrol,Gurgaon,DLR-GGN-02,2025-04-13,In Stock,955000
VEH-00232,Hyundai,Creta,SX(O),Diesel,Gurgaon,DLR-GGN-02,2025-03-05,Sold,1957000
VEH-00233,Hyundai,Creta,SX,Petrol,Gurgaon,DLR-GGN-02,2025-04-05,Sold,1719000
VEH-00234,Maruti Suzuki,Ertiga,ZXI+,CNG,Hyderabad,DLR-HYD-01,2025-02-22,Sold,1160000
VEH-00235,Maruti Suzuki,Ertiga,ZXI+,CNG,Mumbai,DLR-MUM-03,2025-07-31,Reserved,1025000
VEH-00236,Kia,Seltos,HTX,Petrol,Delhi,DLR-DEL-03,2025-08-11,In Stock,1696000
VEH-00237,Toyota,Innova Hycross,ZX,Hybrid,Bengaluru,DLR-BLR-01,2026-09-04,Sold,2282000
VEH-00238,Hyundai,Creta,SX,Petrol,Gurgaon,DLR-GGN-01,2026-07-09,Sold,1508000
VEH-00239,Mahindra,Thar,LX,Diesel,Pune,DLR-PUN-01,2025-05-16,Sold,1435000
VEH-00240,Hyundai,Creta,SX(O),Diesel,Chennai,DLR-CHN-03,2025-11-29,Sold,1566000
VEH-00241,Maruti Suzuki,Brezza,ZXI,Petrol,Pune,DLR-PUN-03,2026-03-09,Sold,1249000
VEH-00242,Maruti Suzuki,Baleno,Zeta,Petrol,Pune,DLR-PUN-02,2026-01-07,Sold,851000
VEH-00243,Tata,Punch,Adventure,Petrol,Delhi,DLR-DEL-01,2026-09-23,In Stock,662000
VEH-00244,Mahindra,XUV700,AX7,Diesel,Gurgaon,DLR-GGN-02,2026-04-16,Sold,2548000
VEH-00245,Volkswagen,Virtus,GT,Petrol,Pune,DLR-PUN-02,2026-02-17,Sold,1598000
VEH-00246,Tata,Tiago,XZ+,Petrol,Delhi,DLR-DEL-02,2025-03-18,In Stock,580000
VEH-00247,Hyundai,Creta,SX,Petrol,Mumbai,DLR-MUM-01,2025-10-10,Sold,1699000
VEH-00248,Tata,Punch,Adventure,Petrol,Delhi,DLR-DEL-02,2026-01-27,In Stock,790000
VEH-00249,Hyundai,i20,Asta,Petrol,Hyderabad,DLR-HYD-01,2025-04-29,Sold,947000
VEH-00250,Tata,Tiago,XZ+,Petrol,Chennai,DLR-CHN-03,2025-08-10,In Stock,670000
VEH-00251,Hyundai,i20,Asta,Petrol,Mumbai,DLR-MUM-02,2026-04-11,Sold,882000
VEH-00252,Hyundai,Venue,S,Petrol,Pune,DLR-PUN-02,2025-11-18,Sold,1280000
VEH-00253,Maruti Suzuki,Ertiga,ZXI+,CNG,Gurgaon,DLR-GGN-02,2025-03-11,In Stock,1036000
VEH-00254,Kia,Seltos,HTX,Petrol,Pune,DLR-PUN-01,2026-01-18,Sold,1695000
VEH-00255,Maruti Suzuki,Baleno,Zeta,Petrol,Pune,DLR-PUN-03,2026-07-31,Sold,804000
VEH-00256,Tata,Tiago,XZ+,Petrol,Bengaluru,DLR-BLR-03,2026-03-11,In Stock,573000
VEH-00257,Skoda,Kushaq,Style,Petrol,Hyderabad,DLR-HYD-02,2025-04-18,In Stock,1809000
VEH-00258,Maruti Suzuki,Ertiga,ZXI+,CNG,Hyderabad,DLR-HYD-01,2025-04-22,Reserved,1169000
VEH-00259,Kia,Seltos,HTX,Petrol,Bengaluru,DLR-BLR-02,2026-08-12,Sold,1395000
VEH-00260,Mahindra,Thar,LX,Diesel,Ahmedabad,DLR-AMD-01,2026-09-17,Sold,1693000
VEH-00261,Maruti Suzuki,Swift,VXI,Petrol,Mumbai,DLR-MUM-02,2025-12-15,Sold,738000
VEH-00262,Maruti Suzuki,Swift,VXI,Petrol,Ahmedabad,DLR-AMD-02,2025-03-14,Sold,685000
VEH-00263,Mahindra,XUV700,AX7,Diesel,Gurgaon,DLR-GGN-01,2026-06-29,Sold,2110000
VEH-00264,Hyundai,Venue,S,Petrol,Delhi,DLR-DEL-01,2026-01-15,Sold,1099000
VEH-00265,Mahindra,XUV700,AX7,Diesel,Chennai,DLR-CHN-03,2026-09-04,Sold,1976000
VEH-00266,Toyota,Innova Hycross,ZX,Hybrid,Mumbai,DLR-MUM-03,2025-02-21,Sold,2970000
VEH-00267,Maruti Suzuki,Swift,VXI,Petrol,Delhi,DLR-DEL-02,2026-05-14,Sold,762000
VEH-00268,Hyundai,Venue,S,Petrol,Mumbai,DLR-MUM-03,2025-04-28,Sold,1116000
VEH-00269,Hyundai,i20,Asta,Petrol,Bengaluru,DLR-BLR-03,2026-09-01,Sold,904000
VEH-00270,Tata,Nexon,Creative,Petrol,Bengaluru,DLR-BLR-01,2026-02-10,In Stock,1286000
VEH-00271,Maruti Suzuki,Swift,VXI,Petrol,Mumbai,DLR-MUM-01,2025-05-22,Sold,714000
VEH-00272,Hyundai,Creta,SX,Petrol,Pune,DLR-PUN-02,2026-03-18,Sold,1469000
VEH-00273,Maruti Suzuki,Baleno,Zeta,Petrol,Delhi,DLR-DEL-01,2026-05-29,Sold,863000
VEH-00274,Kia,Seltos,HTX,Petrol,Ahmedabad,DLR-AMD-01,2026-02-12,Sold,1721000
VEH-00275,Mahindra,XUV700,AX7,Diesel,Delhi,DLR-DEL-02,2025-03-22,In Stock,2210000
VEH-00276,Tata,Punch,Adventure,Petrol,Hyderabad,DLR-HYD-02,2025-10-25,In Stock,698000
VEH-00277,Hyundai,Venue,S,Petrol,Gurgaon,DLR-GGN-01,2026-09-26,In Stock,1175000
VEH-00278,Kia,Seltos,HTX,Petrol,Gurgaon,DLR-GGN-01,2026-03-25,Sold,1712000
VEH-00279,Maruti Suzuki,Baleno,Zeta,Petrol,Delhi,DLR-DEL-02,2026-06-22,Sold,740000
VEH-00280,Hyundai,Venue,S,Petrol,Bengaluru,DLR-BLR-02,2025-08-16,Sold,1110000
VEH-00281,Mahindra,Scorpio-N,Z8L,Diesel,Pune,DLR-PUN-03,2025-04-28,Sold,2233000
VEH-00282,Tata,Nexon,Fearless+,Electric,Gurgaon,DLR-GGN-02,2025-12-27,Sold,1862000
VEH-00283,Volkswagen,Virtus,GT,Petrol,Hyderabad,DLR-HYD-01,2025-08-31,Sold,1432000
VEH-00284,Maruti Suzuki,Baleno,Zeta,Petrol,Mumbai,DLR-MUM-03,2025-06-07,Reserved,887000
VEH-00285,Maruti Suzuki,Swift,VXI,Petrol,Gurgaon,DLR-GGN-02,2026-04-22,Sold,763000
VEH-00286,Tata,Tiago,XZ+,Petrol,Ahmedabad,DLR-AMD-02,2026-10-06,In Stock,640000
VEH-00287,Maruti Suzuki,Baleno,Zeta,Petrol,Pune,DLR-PUN-02,2026-10-10,Sold,797000
VEH-00288,Mahindra,Thar,LX,Diesel,Hyderabad,DLR-HYD-02,2026-06-05,Sold,1495000
VEH-00289,Hyundai,Creta,SX,Petrol,Delhi,DLR-DEL-01,2026-01-14,Sold,1805000
VEH-00290,Hyundai,Creta,SX,Petrol,Hyderabad,DLR-HYD-01,2026-09-23,Sold,1684000
VEH-00291,Tata,Nexon,Fearless+,Electric,Delhi,DLR-DEL-03,2025-02-13,Sold,1720000
VEH-00292,Honda,City,ZX,Petrol,Hyderabad,DLR-HYD-01,2025-11-27,Sold,1589000
VEH-00293,Tata,Nexon,Fearless+,Electric,Mumbai,DLR-MUM-01,2026-04-08,Sold,1542000
VEH-00294,Mahindra,Thar,LX,Diesel,Ahmedabad,DLR-AMD-01,2026-06-02,Sold,1596000
VEH-00295,Maruti Suzuki,Swift,VXI,Petrol,Chennai,DLR-CHN-02,2026-06-22,Sold,782000
VEH-00296,Tata,Punch,Adventure,Petrol,Bengaluru,DLR-BLR-02,2026-02-02,In Stock,849000
VEH-00297,Mahindra,Scorpio-N,Z8L,Diesel,Hyderabad,DLR-HYD-01,2026-10-10,Sold,2352000
VEH-00298,Hyundai,Creta,SX(O),Diesel,Bengaluru,DLR-BLR-03,2026-11-27,Sold,1945000
VEH-00299,Hyundai,Creta,SX,Petrol,Chennai,DLR-CHN-03,2026-09-11,Sold,1827000
VEH-00300,Maruti Suzuki,Baleno,Zeta,Petrol,Pune,DLR-PUN-03,2025-05-26,Sold,809000
VEH-00301,Hyundai,Creta,SX,Petrol,Hyderabad,DLR-HYD-02,2025-05-14,Sold,1684000
VEH-00302,Tata,Tiago,XZ+,Petrol,Pune,DLR-PUN-03,2026-01-22,In Stock,724000
VEH-00303,Mahindra,Thar,LX,Diesel,Ahmedabad,DLR-AMD-01,2026-10-25,Sold,1853000
VEH-00304,Tata,Nexon,Fearless+,Electric,Pune,DLR-PUN-02,2025-07-05,Sold,1599000
VEH-00305,Hyundai,Creta,SX(O),Diesel,Chennai,DLR-CHN-01,2025-08-21,Sold,1690000
VEH-00306,Maruti Suzuki,Brezza,ZXI,Petrol,Bengaluru,DLR-BLR-01,2026-06-05,Sold,1256000
VEH-00307,Kia,Seltos,HTX,Petrol,Ahmedabad,DLR-AMD-01,2026-11-10,Sold,1452000
VEH-00308,Toyota,Innova Hycross,ZX,Hybrid,Hyderabad,DLR-HYD-02,2025-06-08,Sold,2446000
VEH-00309,Maruti Suzuki,Brezza,ZXI,Petrol,Chennai,DLR-CHN-03,2025-06-20,Sold,1204000
VEH-00310,Maruti Suzuki,Swift,VXI,Petrol,Bengaluru,DLR-BLR-03,2025-09-02,Sold,762000
VEH-00311,Tata,Punch,Adventure,Petrol,Chennai,DLR-CHN-02,2025-08-29,In Stock,762000
VEH-00312,Hyundai,Creta,SX,Petrol,Ahmedabad,DLR-AMD-02,2025-07-19,Sold,1568000
VEH-00313,Tata,Tiago,XZ+,Petrol,Hyderabad,DLR-HYD-02,2026-04-19,In Stock,632000
VEH-00314,Mahindra,Scorpio-N,Z8L,Diesel,Delhi,DLR-DEL-02,2025-06-16,In Stock,1894000
VEH-00315,Mahindra,Thar,LX,Diesel,Mumbai,DLR-MUM-02,2025-02-24,Sold,1912000
VEH-00316,Toyota,Innova Hycross,ZX,Hybrid,Delhi,DLR-DEL-01,2026-06-14,Sold,3151000
VEH-00317,Maruti Suzuki,Baleno,Zeta,Petrol,Pune,DLR-PUN-01,2025-10-08,Sold,835000
VEH-00318,Honda,City,ZX,Petrol,Mumbai,DLR-MUM-02,2025-04-05,Sold,1393000
VEH-00319,Mahindra,Thar,LX,Diesel,Ahmedabad,DLR-AMD-01,2026-03-02,Sold,1474000
VEH-00320,Hyundai,Venue,S,Petrol,Bengaluru,DLR-BLR-02,2025-03-26,Sold,1131000
VEH-00321,Maruti Suzuki,Ertiga,ZXI+,CNG,Bengaluru,DLR-BLR-01,2026-10-29,Sold,1161000
VEH-00322,Mahindra,Thar,LX,Diesel,Mumbai,DLR-MUM-02,2026-04-30,Sold,1562000
VEH-00323,Mahindra,Scorpio-N,Z8L,Diesel,Delhi,DLR-DEL-03,2025-01-07,Sold,1771000
VEH-00324,Maruti Suzuki,Swift,VXI,Petrol,Mumbai,DLR-MUM-01,2026-07-17,Sold,784000
VEH-00325,Hyundai,i20,Asta,Petrol,Chennai,DLR-CHN-01,2025-11-06,In Stock,811000
VEH-00326,Maruti Suzuki,Swift,VXI,Petrol,Bengaluru,DLR-BLR-03,2026-04-15,Sold,665000
VEH-00327,Maruti Suzuki,Baleno,Zeta,Petrol,Gurgaon,DLR-GGN-01,2026-10-11,Sold,851000
VEH-00328,Tata,Punch,Adventure,Petrol,Chennai,DLR-CHN-02,2026-03-17,In Stock,640000
VEH-00329,Tata,Punch,Adventure,Petrol,Mumbai,DLR-MUM-02,2025-07-12,In Stock,683000
VEH-00330,Tata,Nexon,Creative,Petrol,Bengaluru,DLR-BLR-03,2026-07-13,Sold,1239000
VEH-00331,Mahindra,Scorpio-N,Z8L,Diesel,Delhi,DLR-DEL-01,2026-02-05,Sold,2171000
VEH-00332,Maruti Suzuki,Swift,VXI,Petrol,Bengaluru,DLR-BLR-02,2025-09-18,Reserved,653000
VEH-00333,Hyundai,Creta,SX(O),Diesel,Pune,DLR-PUN-01,2026-11-05,Sold,1656000
VEH-00334,Mahindra,Scorpio-N,Z8L,Diesel,Chennai,DLR-CHN-02,2025-05-18,In Stock,1735000
VEH-00335,Hyundai,Creta,SX(O),Diesel,Bengaluru,DLR-BLR-03,2025-06-30,Sold,2025000
VEH-00336,Skoda,Kushaq,Style,Petrol,Delhi,DLR-DEL-01,2025-05-20,Sold,1354000
VEH-00337,Tata,Tiago,XZ+,Petrol,Gurgaon,DLR-GGN-01,2025-10-29,In Stock,611000
VEH-00338,Maruti Suzuki,Swift,VXI,Petrol,Mumbai,DLR-MUM-01,2025-11-21,Sold,728000
VEH-00339,Tata,Nexon,Creative,Petrol,Gurgaon,DLR-GGN-02,2025-09-18,Sold,998000
VEH-00340,Mahindra,XUV700,AX7,Diesel,Mumbai,DLR-MUM-02,2025-02-19,Reserved,2561000
VEH-00341,Hyundai,Creta,SX(O),Diesel,Mumbai,DLR-MUM-02,2026-03-25,Sold,1959000
VEH-00342,Mahindra,XUV700,AX7,Diesel,Gurgaon,DLR-GGN-02,2025-12-15,Reserved,2081000
VEH-00343,Tata,Nexon,Fearless+,Electric,Delhi,DLR-DEL-03,2025-10-02,Sold,1532000
VEH-00344,Mahindra,XUV700,AX7,Diesel,Pune,DLR-PUN-03,2025-07-05,Reserved,2448000
VEH-00345,Hyundai,Creta,SX,Petrol,Pune,DLR-PUN-02,2026-11-09,Sold,1531000
VEH-00346,Hyundai,Creta,SX,Petrol,Hyderabad,DLR-HYD-02,2025-06-21,Sold,1733000
VEH-00347,Hyundai,i20,Asta,Petrol,Delhi,DLR-DEL-03,2025-12-29,Sold,937000
VEH-00348,BMW,3 Series,330Li,Petrol,Mumbai,DLR-MUM-01,2025-03-19,Reserved,5631000
VEH-00349,Hyundai,Creta,SX(O),Diesel,Ahmedabad,DLR-AMD-01,2025-02-02,Sold,1696000
VEH-00350,Kia,Seltos,HTX,Petrol,Hyderabad,DLR-HYD-02,2025-02-06,Sold,1344000
VEH-00351,Maruti Suzuki,Swift,VXI,Petrol,Chennai,DLR-CHN-02,2026-01-07,Sold,747000
VEH-00352,Volkswagen,Virtus,GT,Petrol,Pune,DLR-PUN-01,2026-11-28,Sold,1610000
VEH-00353,Volkswagen,Virtus,GT,Petrol,Bengaluru,DLR-BLR-01,2026-08-12,Sold,1450000
VEH-00354,Tata,Nexon,Creative,Petrol,Bengaluru,DLR-BLR-03,2025-10-14,In Stock,1107000
VEH-00355,Volkswagen,Virtus,GT,Petrol,Pune,DLR-PUN-01,2026-05-28,Sold,1645000
VEH-00356,Hyundai,Venue,S,Petrol,Delhi,DLR-DEL-02,2025-09-25,Reserved,1168000
VEH-00357,Maruti Suzuki,Ertiga,ZXI+,CNG,Hyderabad,DLR-HYD-02,2025-07-25,Sold,1052000
VEH-00358,Maruti Suzuki,Baleno,Zeta,Petrol,Pune,DLR-PUN-01,2026-04-02,Sold,742000
VEH-00359,Mahindra,Thar,LX,Diesel,Gurgaon,DLR-GGN-02,2026-11-16,Sold,1775000
VEH-00360,Tata,Tiago,XZ+,Petrol,Delhi,DLR-DEL-02,2025-11-05,In Stock,600000
VEH-00361,Tata,Tiago,XZ+,Petrol,Gurgaon,DLR-GGN-01,2026-01-07,In Stock,690000
VEH-00362,Maruti Suzuki,Ertiga,ZXI+,CNG,Gurgaon,DLR-GGN-01,2025-09-01,Reserved,1242000
VEH-00363,Maruti Suzuki,Swift,VXI,Petrol,Delhi,DLR-DEL-02,2026-04-25,Sold,790000
VEH-00364,Maruti Suzuki,Baleno,Zeta,Petrol,Ahmedabad,DLR-AMD-01,2025-11-14,Sold,821000
VEH-00365,BMW,3 Series,330Li,Petrol,Chennai,DLR-CHN-03,2026-02-26,Sold,5638000
VEH-00366,Kia,Seltos,HTX,Petrol,Pune,DLR-PUN-02,2026-10-21,Sold,1317000
VEH-00367,Hyundai,i20,Asta,Petrol,Chennai,DLR-CHN-02,2025-05-13,Reserved,979000
VEH-00368,Tata,Nexon,Creative,Petrol,Hyderabad,DLR-HYD-01,2026-03-21,Sold,1237000
VEH-00369,Honda,City,ZX,Petrol,Pune,DLR-PUN-01,2026-06-16,In Stock,1358000
VEH-00370,Hyundai,Creta,SX,Petrol,Mumbai,DLR-MUM-03,2025-08-20,Sold,1557000
VEH-00371,Volkswagen,Virtus,GT,Petrol,Delhi,DLR-DEL-02,2025-03-23,Sold,1508000
VEH-00372,Maruti Suzuki,Brezza,ZXI,Petrol,Gurgaon,DLR-GGN-02,2025-05-10,Sold,1135000
VEH-00373,Tata,Punch,Adventure,Petrol,Pune,DLR-PUN-03,2025-06-23,In Stock,718000
VEH-00374,Maruti Suzuki,Brezza,ZXI,Petrol,Hyderabad,DLR-HYD-02,2026-08-02,Sold,1001000
VEH-00375,Kia,Seltos,HTX,Petrol,Pune,DLR-PUN-01,2026-10-20,Sold,1674000
VEH-00376,Tata,Punch,Adventure,Petrol,Hyderabad,DLR-HYD-02,2026-09-26,In Stock,655000
VEH-00377,Tata,Nexon,Fearless+,Electric,Hyderabad,DLR-HYD-02,2026-10-21,Sold,1644000
VEH-00378,Tata,Nexon,Fearless+,Electric,Ahmedabad,DLR-AMD-02,2025-11-02,Sold,1722000
VEH-00379,Maruti Suzuki,Swift,VXI,Petrol,Pune,DLR-PUN-02,2026-03-03,Sold,772000
VEH-00380,Tata,Nexon,Fearless+,Electric,Bengaluru,DLR-BLR-01,2025-11-18,Sold,1857000
VEH-00381,Hyundai,Creta,SX,Petrol,Gurgaon,DLR-GGN-02,2026-02-14,Sold,1446000
VEH-00382,Mahindra,Scorpio-N,Z8L,Diesel,Delhi,DLR-DEL-01,2025-11-24,Reserved,1937000
VEH-00383,Tata,Nexon,Fearless+,Electric,Mumbai,DLR-MUM-01,2025-05-26,Sold,1539000
VEH-00384,Maruti Suzuki,Swift,VXI,Petrol,Gurgaon,DLR-GGN-02,2025-09-13,Sold,689000
VEH-00385,Mahindra,Thar,LX,Diesel,Gurgaon,DLR-GGN-02,2025-07-15,Sold,1583000
VEH-00386,Tata,Nexon,Fearless+,Electric,Delhi,DLR-DEL-02,2025-11-13,Sold,1744000
VEH-00387,Maruti Suzuki,Swift,VXI,Petrol,Gurgaon,DLR-GGN-02,2025-09-05,In Stock,704000
VEH-00388,Tata,Punch,Adventure,Petrol,Pune,DLR-PUN-02,2026-05-23,In Stock,880000
VEH-00389,Hyundai,Creta,SX,Petrol,Pune,DLR-PUN-01,2026-03-19,Sold,1448000
VEH-00390,Toyota,Innova Hycross,ZX,Hybrid,Chennai,DLR-CHN-02,2026-01-11,Sold,2326000
VEH-00391,Hyundai,Venue,S,Petrol,Hyderabad,DLR-HYD-01,2026-01-08,Sold,1223000
VEH-00392,Hyundai,Creta,SX,Petrol,Bengaluru,DLR-BLR-02,2026-07-19,Sold,1523000
VEH-00393,Kia,Seltos,HTX,Petrol,Hyderabad,DLR-HYD-01,2025-05-13,Reserved,1779000
VEH-00394,Maruti Suzuki,Baleno,Zeta,Petrol,Bengaluru,DLR-BLR-02,2026-07-27,Sold,813000
VEH-00395,Mahindra,XUV700,AX7,Diesel,Mumbai,DLR-MUM-03,2026-02-17,In Stock,2402000
VEH-00396,Maruti Suzuki,Swift,VXI,Petrol,Pune,DLR-PUN-03,2025-12-09,Reserved,770000
VEH-00397,Tata,Nexon,Creative,Petrol,Mumbai,DLR-MUM-03,2025-05-25,Sold,1147000
VEH-00398,MG,Hector,Sharp,Petrol,Bengaluru,DLR-BLR-02,2026-09-25,Sold,1926000
VEH-00399,Tata,Punch,Adventure,Petrol,Delhi,DLR-DEL-03,2026-07-01,In Stock,890000
VEH-00400,Tata,Tiago,XZ+,Petrol,Bengaluru,DLR-BLR-01,2026-01-14,In Stock,644000
VEH-00401,Tata,Tiago,XZ+,Petrol,Gurgaon,DLR-GGN-02,2026-10-08,In Stock,566000
VEH-00402,Tata,Punch,Adventure,Petrol,Mumbai,DLR-MUM-03,2026-08-17,In Stock,756000
VEH-00403,Mahindra,XUV700,AX7,Diesel,Hyderabad,DLR-HYD-01,2026-06-22,Sold,2534000
VEH-00404,Mahindra,XUV700,AX7,Diesel,Chennai,DLR-CHN-02,2025-06-02,Sold,2587000
VEH-00405,Maruti Suzuki,Ertiga,ZXI+,CNG,Hyderabad,DLR-HYD-01,2025-07-16,Sold,999000
VEH-00406,Hyundai,i20,Asta,Petrol,Bengaluru,DLR-BLR-02,2025-07-29,Reserved,885000
VEH-00407,Tata,Nexon,Fearless+,Electric,Hyderabad,DLR-HYD-02,2025-03-06,Sold,1851000
VEH-00408,Maruti Suzuki,Baleno,Zeta,Petrol,Mumbai,DLR-MUM-02,2026-11-11,Sold,842000
VEH-00409,Tata,Nexon,Creative,Petrol,Bengaluru,DLR-BLR-01,2026-04-17,Sold,1252000
VEH-00410,Hyundai,Creta,SX(O),Diesel,Bengaluru,DLR-BLR-03,2026-10-22,Sold,1820000
VEH-00411,Tata,Punch,Adventure,Petrol,Mumbai,DLR-MUM-01,2025-10-14,In Stock,792000
VEH-00412,Maruti Suzuki,Ertiga,ZXI+,CNG,Gurgaon,DLR-GGN-02,2025-10-24,Sold,1096000
VEH-00413,Tata,Tiago,XZ+,Petrol,Delhi,DLR-DEL-02,2025-12-25,In Stock,703000
VEH-00414,MG,Hector,Sharp,Petrol,Chennai,DLR-CHN-02,2025-10-23,Reserved,1744000
VEH-00415,Tata,Punch,Adventure,Petrol,Delhi,DLR-DEL-02,2025-12-21,In Stock,714000
VEH-00416,Hyundai,Creta,SX,Petrol,Bengaluru,DLR-BLR-03,2025-03-23,Sold,1557000
VEH-00417,Honda,City,ZX,Petrol,Hyderabad,DLR-HYD-02,2025-08-09,Reserved,1383000
VEH-00418,Kia,Seltos,HTX,Petrol,Mumbai,DLR-MUM-03,2025-10-07,Sold,1350000
VEH-00419,Maruti Suzuki,Baleno,Zeta,Petrol,Chennai,DLR-CHN-01,2025-09-07,Sold,732000
VEH-00420,Tata,Tiago,XZ+,Petrol,Delhi,DLR-DEL-03,2025-08-28,In Stock,573000
VEH-00421,Maruti Suzuki,Baleno,Zeta,Petrol,Bengaluru,DLR-BLR-02,2025-04-14,Sold,755000
VEH-00422,Maruti Suzuki,Swift,VXI,Petrol,Delhi,DLR-DEL-01,2026-02-22,Sold,770000
VEH-00423,Tata,Nexon,Fearless+,Electric,Mumbai,DLR-MUM-02,2025-11-26,Sold,1636000
VEH-00424,Tata,Tiago,XZ+,Petrol,Gurgaon,DLR-GGN-01,2026-10-31,In Stock,706000
VEH-00425,Maruti Suzuki,Ertiga,ZXI+,CNG,Chennai,DLR-CHN-01,2025-06-30,Sold,1203000
VEH-00426,Toyota,Innova Hycross,ZX,Hybrid,Mumbai,DLR-MUM-01,2026-02-12,Sold,3086000
VEH-00427,Tata,Nexon,Fearless+,Electric,Gurgaon,DLR-GGN-02,2025-02-09,Sold,1494000
VEH-00428,Hyundai,Creta,SX,Petrol,Hyderabad,DLR-HYD-02,2025-10-20,Sold,1612000
VEH-00429,BMW,3 Series,330Li,Petrol,Delhi,DLR-DEL-02,2025-05-19,Sold,5832000
VEH-00430,Tata,Nexon,Fearless+,Electric,Mumbai,DLR-MUM-01,2025-12-06,Sold,1573000
VEH-00431,Mahindra,XUV700,AX7,Diesel,Hyderabad,DLR-HYD-01,2025-01-16,In Stock,2644000
VEH-00432,Hyundai,Creta,SX(O),Diesel,Bengaluru,DLR-BLR-03,2025-07-18,Sold,1729000
VEH-00433,Tata,Punch,Adventure,Petrol,Hyderabad,DLR-HYD-02,2026-03-15,In Stock,903000
VEH-00434,Hyundai,Creta,SX,Petrol,Bengaluru,DLR-BLR-01,2025-07-10,Sold,1882000
VEH-00435,Maruti Suzuki,Baleno,Zeta,Petrol,Bengaluru,DLR-BLR-01,2025-01-08,Sold,786000
VEH-00436,Hyundai,Venue,S,Petrol,Delhi,DLR-DEL-02,2025-12-05,In Stock,1094000
VEH-00437,Tata,Punch,Adventure,Petrol,Hyderabad,DLR-HYD-02,2026-11-02,In Stock,824000
VEH-00438,Tata,Tiago,XZ+,Petrol,Pune,DLR-PUN-01,2026-04-23,In Stock,638000
VEH-00439,Maruti Suzuki,Brezza,ZXI,Petrol,Chennai,DLR-CHN-03,2025-11-16,Sold,1040000
VEH-00440,Tata,Tiago,XZ+,Petrol,Gurgaon,DLR-GGN-02,2026-09-23,In Stock,616000
VEH-00441,Maruti Suzuki,Ertiga,ZXI+,CNG,Mumbai,DLR-MUM-01,2026-04-12,Sold,1181000
VEH-00442,Hyundai,Venue,S,Petrol,Delhi,DLR-DEL-02,2026-07-06,Sold,1280000
VEH-00443,Kia,Seltos,HTX,Petrol,Chennai,DLR-CHN-03,2026-09-04,Sold,1727000
VEH-00444,Mahindra,Scorpio-N,Z8L,Diesel,Delhi,DLR-DEL-03,2026-01-07,Sold,1769000
VEH-00445,Honda,City,ZX,Petrol,Pune,DLR-PUN-03,2026-06-03,Sold,1383000
VEH-00446,Tata,Punch,Adventure,Petrol,Mumbai,DLR-MUM-02,2026-06-18,In Stock,866000
VEH-00447,Maruti Suzuki,Baleno,Zeta,Petrol,Mumbai,DLR-MUM-03,2026-05-17,Sold,743000
VEH-00448,Honda,City,ZX,Petrol,Delhi,DLR-DEL-01,2026-04-11,Sold,1347000
VEH-00449,Tata,Nexon,Creative,Petrol,Delhi,DLR-DEL-01,2026-07-28,Sold,1216000
VEH-00450,Tata,Tiago,XZ+,Petrol,Bengaluru,DLR-BLR-01,2026-02-11,In Stock,625000
VEH-00451,Mahindra,Thar,LX,Diesel,Chennai,DLR-CHN-03,2025-03-17,Sold,1466000
VEH-00452,Hyundai,i20,Asta,Petrol,Chennai,DLR-CHN-03,2025-03-04,Sold,797000
VEH-00453,Skoda,Kushaq,Style,Petrol,Delhi,DLR-DEL-02,2026-02-24,Sold,1474000
VEH-00454,Mahindra,Scorpio-N,Z8L,Diesel,Chennai,DLR-CHN-03,2026-10-25,Sold,2120000
VEH-00455,Hyundai,Venue,S,Petrol,Gurgaon,DLR-GGN-02,2026-01-23,Sold,1132000
VEH-00456,Maruti Suzuki,Swift,VXI,Petrol,Gurgaon,DLR-GGN-01,2026-11-02,Sold,738000
VEH-00457,Maruti Suzuki,Baleno,Zeta,Petrol,Gurgaon,DLR-GGN-02,2026-06-27,Sold,752000
VEH-00458,Mahindra,XUV700,AX7,Diesel,Mumbai,DLR-MUM-01,2025-01-25,Sold,2195000
VEH-00459,Tata,Nexon,Fearless+,Electric,Chennai,DLR-CHN-02,2026-06-30,Sold,1684000
VEH-00460,Kia,Seltos,HTX,Petrol,Mumbai,DLR-MUM-02,2025-06-09,Reserved,1421000
VEH-00461,Maruti Suzuki,Brezza,ZXI,Petrol,Ahmedabad,DLR-AMD-01,2025-02-03,In Stock,1194000
VEH-00462,Tata,Punch,Adventure,Petrol,Gurgaon,DLR-GGN-01,2025-09-05,In Stock,745000
VEH-00463,Maruti Suzuki,Swift,VXI,Petrol,Hyderabad,DLR-HYD-02,2026-09-06,Sold,661000
VEH-00464,Maruti Suzuki,Ertiga,ZXI+,CNG,Pune,DLR-PUN-02,2025-08-29,Reserved,1266000
VEH-00465,Maruti Suzuki,Ertiga,ZXI+,CNG,Ahmedabad,DLR-AMD-01,2025-05-25,Sold,1247000
VEH-00466,BMW,3 Series,330Li,Petrol,Mumbai,DLR-MUM-03,2026-08-14,Sold,5453000
VEH-00467,Tata,Punch,Adventure,Petrol,Chennai,DLR-CHN-02,2025-09-01,In Stock,794000
VEH-00468,Toyota,Innova Hycross,ZX,Hybrid,Gurgaon,DLR-GGN-01,2026-03-01,Sold,2587000
VEH-00469,Hyundai,Creta,SX,Petrol,Delhi,DLR-DEL-03,2025-06-30,Sold,1700000
VEH-00470,Tata,Tiago,XZ+,Petrol,Delhi,DLR-DEL-01,2025-12-20,In Stock,724000
VEH-00471,Tata,Tiago,XZ+,Petrol,Chennai,DLR-CHN-02,2026-03-04,In Stock,664000
VEH-00472,Maruti Suzuki,Baleno,Zeta,Petrol,Bengaluru,DLR-BLR-03,2026-05-01,Sold,781000
VEH-00473,Kia,Seltos,HTX,Petrol,Bengaluru,DLR-BLR-03,2025-05-29,Sold,1692000
VEH-00474,Tata,Nexon,Fearless+,Electric,Pune,DLR-PUN-02,2026-03-04,Sold,1775000
VEH-00475,Tata,Nexon,Creative,Petrol,Bengaluru,DLR-BLR-02,2025-07-29,Sold,1149000
VEH-00476,Tata,Tiago,XZ+,Petrol,Gurgaon,DLR-GGN-02,2025-04-06,In Stock,697000
VEH-00477,Mahindra,XUV700,AX7,Diesel,Mumbai,DLR-MUM-02,2026-01-23,Sold,2579000
VEH-00478,Tata,Punch,Adventure,Petrol,Pune,DLR-PUN-01,2025-07-13,In Stock,751000
VEH-00479,Tata,Nexon,Fearless+,Electric,Ahmedabad,DLR-AMD-02,2025-11-08,Sold,1497000
VEH-00480,Maruti Suzuki,Ertiga,ZXI+,CNG,Mumbai,DLR-MUM-03,2025-05-02,Sold,1235000
VEH-00481,Honda,City,ZX,Petrol,Chennai,DLR-CHN-03,2025-07-30,Sold,1483000
VEH-00482,Honda,City,ZX,Petrol,Delhi,DLR-DEL-02,2026-01-26,In Stock,1518000
VEH-00483,Tata,Nexon,Creative,Petrol,Bengaluru,DLR-BLR-02,2026-01-05,Sold,1242000
VEH-00484,Toyota,Innova Hycross,ZX,Hybrid,Delhi,DLR-DEL-03,2026-04-27,Sold,3059000
VEH-00485,Kia,Seltos,HTX,Petrol,Gurgaon,DLR-GGN-02,2025-11-18,Sold,1491000
VEH-00486,Maruti Suzuki,Swift,VXI,Petrol,Ahmedabad,DLR-AMD-01,2025-01-18,Sold,715000
VEH-00487,Tata,Nexon,Creative,Petrol,Hyderabad,DLR-HYD-02,2025-10-31,Sold,1058000
VEH-00488,Maruti Suzuki,Brezza,ZXI,Petrol,Mumbai,DLR-MUM-03,2025-09-10,Sold,1235000
VEH-00489,Tata,Nexon,Creative,Petrol,Gurgaon,DLR-GGN-02,2025-09-22,Sold,1370000
VEH-00490,Mahindra,Thar,LX,Diesel,Gurgaon,DLR-GGN-02,2026-04-18,Sold,1592000
VEH-00491,Mahindra,XUV700,AX7,Diesel,Bengaluru,DLR-BLR-01,2026-07-15,Sold,2390000
VEH-00492,Maruti Suzuki,Brezza,ZXI,Petrol,Ahmedabad,DLR-AMD-01,2026-06-22,Sold,997000
VEH-00493,Kia,Seltos,HTX,Petrol,Pune,DLR-PUN-03,2025-02-20,Sold,1671000
VEH-00494,Maruti Suzuki,Swift,VXI,Petrol,Mumbai,DLR-MUM-03,2025-08-26,In Stock,666000
VEH-00495,Tata,Tiago,XZ+,Petrol,Pune,DLR-PUN-03,2026-04-13,In Stock,655000
VEH-00496,Maruti Suzuki,Swift,VXI,Petrol,Hyderabad,DLR-HYD-02,2026-11-08,Sold,773000
VEH-00497,Maruti Suzuki,Swift,VXI,Petrol,Delhi,DLR-DEL-02,2025-01-14,Sold,653000
VEH-00498,Tata,Nexon,Creative,Petrol,Mumbai,DLR-MUM-02,2025-01-19,Reserved,1237000
VEH-00499,Mahindra,Thar,LX,Diesel,Hyderabad,DLR-HYD-01,2025-04-21,Sold,1518000
VEH-00500,Tata,Nexon,Creative,Petrol,Mumbai,DLR-MUM-03,2026-06-25,Sold,1109000
VEH-00501,Mahindra,Thar,LX,Diesel,Mumbai,DLR-MUM-02,2025-03-23,Sold,1802000
VEH-00502,Volkswagen,Virtus,GT,Petrol,Delhi,DLR-DEL-01,2025-08-21,In Stock,1533000
VEH-00503,Tata,Tiago,XZ+,Petrol,Ahmedabad,DLR-AMD-01,2025-04-07,In Stock,663000
VEH-00504,Hyundai,Venue,S,Petrol,Delhi,DLR-DEL-01,2026-10-16,Sold,944000
VEH-00505,Tata,Tiago,XZ+,Petrol,Pune,DLR-PUN-02,2026-10-24,In Stock,644000
VEH-00506,Tata,Punch,Adventure,Petrol,Ahmedabad,DLR-AMD-01,2026-06-26,In Stock,661000
VEH-00507,Maruti Suzuki,Ertiga,ZXI+,CNG,Gurgaon,DLR-GGN-02,2025-10-06,In Stock,1013000
VEH-00508,Honda,City,ZX,Petrol,Chennai,DLR-CHN-02,2026-07-12,Sold,1568000
VEH-00509,Tata,Tiago,XZ+,Petrol,Mumbai,DLR-MUM-02,2025-01-18,In Stock,613000
VEH-00510,Tata,Punch,Adventure,Petrol,Chennai,DLR-CHN-03,2026-02-13,In Stock,679000
VEH-00511,Hyundai,Creta,SX,Petrol,Delhi,DLR-DEL-03,2026-02-04,Sold,1726000
VEH-00512,Honda,City,ZX,Petrol,Bengaluru,DLR-BLR-03,2025-05-25,Reserved,1632000
VEH-00513,Mahindra,XUV700,AX7,Diesel,Delhi,DLR-DEL-02,2025-02-25,Sold,1990000
VEH-00514,Hyundai,i20,Asta,Petrol,Ahmedabad,DLR-AMD-02,2026-09-13,Sold,976000
VEH-00515,Tata,Punch,Adventure,Petrol,Hyderabad,DLR-HYD-02,2025-02-01,In Stock,779000
VEH-00516,Mahindra,Scorpio-N,Z8L,Diesel,Delhi,DLR-DEL-01,2026-01-01,Sold,2256000
VEH-00517,MG,Hector,Sharp,Petrol,Delhi,DLR-DEL-03,2026-08-24,Sold,2009000
VEH-00518,Maruti Suzuki,Baleno,Zeta,Petrol,Hyderabad,DLR-HYD-01,2025-03-18,In Stock,741000
VEH-00519,Hyundai,Creta,SX,Petrol,Bengaluru,DLR-BLR-03,2025-06-08,Sold,1758000
VEH-00520,Hyundai,Venue,S,Petrol,Bengaluru,DLR-BLR-01,2025-01-07,Sold,1097000
VEH-00521,Hyundai,i20,Asta,Petrol,Chennai,DLR-CHN-01,2025-05-17,Sold,802000
VEH-00522,Maruti Suzuki,Brezza,ZXI,Petrol,Delhi,DLR-DEL-03,2026-06-10,Sold,1188000
VEH-00523,Maruti Suzuki,Baleno,Zeta,Petrol,Pune,DLR-PUN-03,2025-04-07,Sold,872000
VEH-00524,Tata,Punch,Adventure,Petrol,Bengaluru,DLR-BLR-02,2025-01-14,In Stock,789000
VEH-00525,Hyundai,Venue,S,Petrol,Chennai,DLR-CHN-03,2026-07-28,Sold,1064000
VEH-00526,Tata,Punch,Adventure,Petrol,Mumbai,DLR-MUM-02,2025-06-24,In Stock,711000
VEH-00527,Hyundai,Creta,SX,Petrol,Mumbai,DLR-MUM-01,2025-03-07,Sold,1465000
VEH-00528,Hyundai,i20,Asta,Petrol,Delhi,DLR-DEL-02,2025-03-21,Reserved,872000
VEH-00529,Maruti Suzuki,Ertiga,ZXI+,CNG,Mumbai,DLR-MUM-03,2026-05-24,In Stock,1090000
VEH-00530,Hyundai,i20,Asta,Petrol,Mumbai,DLR-MUM-01,2026-02-11,Sold,865000
VEH-00531,Kia,Seltos,HTX,Petrol,Bengaluru,DLR-BLR-02,2026-03-28,In Stock,1451000
VEH-00532,Hyundai,i20,Asta,Petrol,Ahmedabad,DLR-AMD-01,2025-11-05,Sold,862000
VEH-00533,Tata,Punch,Adventure,Petrol,Chennai,DLR-CHN-02,2025-11-19,In Stock,730000
VEH-00534,Volkswagen,Virtus,GT,Petrol,Gurgaon,DLR-GGN-02,2026-10-12,Sold,1631000
VEH-00535,Skoda,Kushaq,Style,Petrol,Chennai,DLR-CHN-02,2026-01-22,Sold,1577000
VEH-00536,Mahindra,Thar,LX,Diesel,Bengaluru,DLR-BLR-01,2026-08-02,Sold,1624000
VEH-00537,Tata,Punch,Adventure,Petrol,Delhi,DLR-DEL-03,2026-07-19,In Stock,653000
VEH-00538,Volkswagen,Virtus,GT,Petrol,Delhi,DLR-DEL-03,2025-08-04,Sold,1604000
VEH-00539,Mahindra,Thar,LX,Diesel,Ahmedabad,DLR-AMD-01,2026-02-24,Sold,1931000
VEH-00540,Maruti Suzuki,Baleno,Zeta,Petrol,Bengaluru,DLR-BLR-02,2026-11-07,In Stock,759000
VEH-00541,Tata,Tiago,XZ+,Petrol,Chennai,DLR-CHN-01,2026-04-06,In Stock,713000
VEH-00542,Tata,Nexon,Fearless+,Electric,Bengaluru,DLR-BLR-03,2026-03-06,Sold,1768000
VEH-00543,Maruti Suzuki,Swift,VXI,Petrol,Gurgaon,DLR-GGN-01,2025-04-23,In Stock,712000
VEH-00544,Tata,Tiago,XZ+,Petrol,Bengaluru,DLR-BLR-03,2026-09-21,In Stock,571000
VEH-00545,Tata,Punch,Adventure,Petrol,Hyderabad,DLR-HYD-02,2025-12-07,In Stock,860000
VEH-00546,Maruti Suzuki,Baleno,Zeta,Petrol,Pune,DLR-PUN-01,2026-06-08,Sold,852000
VEH-00547,Tata,Nexon,Creative,Petrol,Chennai,DLR-CHN-01,2026-04-03,Sold,1171000
VEH-00548,Hyundai,Venue,S,Petrol,Chennai,DLR-CHN-03,2026-05-29,Sold,1017000
VEH-00549,Hyundai,Creta,SX(O),Diesel,Pune,DLR-PUN-01,2025-10-31,Sold,1975000
VEH-00550,Honda,City,ZX,Petrol,Pune,DLR-PUN-03,2025-05-27,In Stock,1458000
VEH-00551,Hyundai,Creta,SX,Petrol,Delhi,DLR-DEL-01,2026-06-19,Sold,1627000
VEH-00552,Hyundai,Creta,SX(O),Diesel,Pune,DLR-PUN-03,2026-04-10,Sold,1876000
VEH-00553,Maruti Suzuki,Swift,VXI,Petrol,Pune,DLR-PUN-03,2025-04-29,In Stock,654000
VEH-00554,Kia,Seltos,HTX,Petrol,Hyderabad,DLR-HYD-01,2025-09-08,Sold,1544000
VEH-00555,Maruti Suzuki,Brezza,ZXI,Petrol,Mumbai,DLR-MUM-03,2026-03-14,Sold,1216000
VEH-00556,Maruti Suzuki,Ertiga,ZXI+,CNG,Bengaluru,DLR-BLR-01,2025-07-11,Sold,1211000
VEH-00557,Hyundai,Venue,S,Petrol,Chennai,DLR-CHN-01,2026-04-07,In Stock,1243000
VEH-00558,Hyundai,i20,Asta,Petrol,Pune,DLR-PUN-01,2025-07-31,Sold,851000
VEH-00559,Mahindra,XUV700,AX7,Diesel,Ahmedabad,DLR-AMD-01,2026-08-16,Sold,1994000
VEH-00560,Mahindra,Thar,LX,Diesel,Delhi,DLR-DEL-02,2025-12-01,Sold,1621000
VEH-00561,Hyundai,i20,Asta,Petrol,Mumbai,DLR-MUM-02,2026-06-26,Sold,943000
VEH-00562,Hyundai,Creta,SX,Petrol,Bengaluru,DLR-BLR-02,2026-08-26,Sold,1438000
VEH-00563,Hyundai,Creta,SX(O),Diesel,Ahmedabad,DLR-AMD-01,2026-11-22,Sold,1854000
VEH-00564,Honda,City,ZX,Petrol,Hyderabad,DLR-HYD-01,2025-11-18,Sold,1340000
VEH-00565,Maruti Suzuki,Ertiga,ZXI+,CNG,Pune,DLR-PUN-02,2025-05-26,Sold,1251000
VEH-00566,Hyundai,Venue,S,Petrol,Hyderabad,DLR-HYD-02,2026-03-11,Sold,1035000
VEH-00567,Tata,Nexon,Fearless+,Electric,Delhi,DLR-DEL-03,2025-06-28,Sold,1774000
VEH-00568,Maruti Suzuki,Brezza,ZXI,Petrol,Bengaluru,DLR-BLR-01,2025-11-20,Sold,1210000
VEH-00569,Tata,Punch,Adventure,Petrol,Ahmedabad,DLR-AMD-01,2026-05-13,In Stock,709000
VEH-00570,Maruti Suzuki,Brezza,ZXI,Petrol,Bengaluru,DLR-BLR-03,2026-06-03,Sold,1233000
VEH-00571,Hyundai,Venue,S,Petrol,Delhi,DLR-DEL-03,2026-04-01,Sold,1190000
VEH-00572,Maruti Suzuki,Brezza,ZXI,Petrol,Delhi,DLR-DEL-01,2025-10-28,Sold,996000
VEH-00573,Hyundai,Creta,SX,Petrol,Delhi,DLR-DEL-01,2026-04-15,Sold,1669000
VEH-00574,Mahindra,XUV700,AX7,Diesel,Chennai,DLR-CHN-03,2026-06-09,Sold,2005000
VEH-00575,Tata,Punch,Adventure,Petrol,Mumbai,DLR-MUM-03,2026-01-12,In Stock,661000
VEH-00576,Mahindra,Scorpio-N,Z8L,Diesel,Delhi,DLR-DEL-01,2026-03-13,Sold,1794000
VEH-00577,Mahindra,XUV700,AX7,Diesel,Hyderabad,DLR-HYD-01,2025-11-02,Sold,1923000
VEH-00578,Hyundai,i20,Asta,Petrol,Bengaluru,DLR-BLR-01,2026-03-27,Sold,810000
VEH-00579,Mahindra,Scorpio-N,Z8L,Diesel,Mumbai,DLR-MUM-03,2026-08-27,Sold,2395000
VEH-00580,Hyundai,Creta,SX(O),Diesel,Chennai,DLR-CHN-03,2026-03-16,Sold,1719000
VEH-00581,Tata,Punch,Adventure,Petrol,Chennai,DLR-CHN-01,2025-03-03,In Stock,819000
VEH-00582,Tata,Nexon,Creative,Petrol,Hyderabad,DLR-HYD-01,2025-11-29,Sold,1340000
VEH-00583,Hyundai,Creta,SX,Petrol,Hyderabad,DLR-HYD-01,2025-05-20,Sold,1872000
VEH-00584,Mahindra,XUV700,AX7,Diesel,Bengaluru,DLR-BLR-01,2025-10-12,In Stock,2561000
VEH-00585,Maruti Suzuki,Baleno,Zeta,Petrol,Ahmedabad,DLR-AMD-01,2025-05-31,Sold,802000
VEH-00586,Kia,Seltos,HTX,Petrol,Chennai,DLR-CHN-03,2026-02-08,Sold,1530000
VEH-00587,Maruti Suzuki,Baleno,Zeta,Petrol,Hyderabad,DLR-HYD-02,2026-01-21,Sold,835000
VEH-00588,Maruti Suzuki,Swift,VXI,Petrol,Chennai,DLR-CHN-01,2026-02-18,Sold,780000
VEH-00589,Mahindra,XUV700,AX7,Diesel,Chennai,DLR-CHN-02,2026-04-12,Sold,2389000
VEH-00590,Hyundai,Creta,SX,Petrol,Pune,DLR-PUN-03,2025-04-07,Sold,1754000
VEH-00591,Skoda,Kushaq,Style,Petrol,Hyderabad,DLR-HYD-02,2025-03-07,Sold,1697000
VEH-00592,Maruti Suzuki,Ertiga,ZXI+,CNG,Delhi,DLR-DEL-01,2026-05-23,Sold,1127000
VEH-00593,Hyundai,Creta,SX,Petrol,Bengaluru,DLR-BLR-03,2026-08-16,Sold,1446000
VEH-00594,Tata,Punch,Adventure,Petrol,Delhi,DLR-DEL-02,2025-02-20,In Stock,663000
VEH-00595,Maruti Suzuki,Baleno,Zeta,Petrol,Chennai,DLR-CHN-02,2025-01-18,Sold,751000
VEH-00596,MG,Hector,Sharp,Petrol,Mumbai,DLR-MUM-02,2025-01-02,Sold,2058000
VEH-00597,Maruti Suzuki,Brezza,ZXI,Petrol,Chennai,DLR-CHN-01,2026-10-29,Sold,1134000
VEH-00598,Maruti Suzuki,Brezza,ZXI,Petrol,Gurgaon,DLR-GGN-02,2025-04-07,Reserved,1164000
VEH-00599,Maruti Suzuki,Ertiga,ZXI+,CNG,Bengaluru,DLR-BLR-03,2025-06-20,In Stock,1016000
VEH-00600,Hyundai,Venue,S,Petrol,Bengaluru,DLR-BLR-03,2025-08-29,Sold,1159000
VEH-00601,Tata,Tiago,XZ+,Petrol,Chennai,DLR-CHN-01,2025-08-08,In Stock,682000
VEH-00602,Maruti Suzuki,Swift,VXI,Petrol,Hyderabad,DLR-HYD-02,2025-01-11,Sold,651000
VEH-00603,Tata,Tiago,XZ+,Petrol,Ahmedabad,DLR-AMD-02,2025-05-17,In Stock,682000
VEH-00604,Maruti Suzuki,Swift,VXI,Petrol,Bengaluru,DLR-BLR-03,2025-04-16,Sold,675000
VEH-00605,Hyundai,Creta,SX,Petrol,Ahmedabad,DLR-AMD-01,2026-01-28,Sold,1776000
VEH-00606,Mahindra,Thar,LX,Diesel,Ahmedabad,DLR-AMD-01,2025-03-13,Sold,1963000
VEH-00607,Tata,Punch,Adventure,Petrol,Hyderabad,DLR-HYD-01,2026-03-28,In Stock,819000
VEH-00608,Mahindra,XUV700,AX7,Diesel,Hyderabad,DLR-HYD-01,2026-02-27,Sold,2520000
VEH-00609,Tata,Tiago,XZ+,Petrol,Ahmedabad,DLR-AMD-01,2025-04-14,In Stock,595000
VEH-00610,Mahindra,XUV700,AX7,Diesel,Hyderabad,DLR-HYD-02,2025-12-27,Reserved,2329000
VEH-00611,Hyundai,Creta,SX,Petrol,Mumbai,DLR-MUM-02,2026-10-24,Sold,1423000
VEH-00612,Maruti Suzuki,Ertiga,ZXI+,CNG,Hyderabad,DLR-HYD-02,2025-01-29,Reserved,1144000
VEH-00613,Maruti Suzuki,Brezza,ZXI,Petrol,Hyderabad,DLR-HYD-01,2026-02-07,Sold,1131000
VEH-00614,Tata,Tiago,XZ+,Petrol,Chennai,DLR-CHN-01,2026-05-23,In Stock,658000
VEH-00615,Maruti Suzuki,Baleno,Zeta,Petrol,Delhi,DLR-DEL-03,2025-03-15,Sold,855000
VEH-00616,Toyota,Innova Hycross,ZX,Hybrid,Pune,DLR-PUN-02,2025-11-22,Sold,2415000
VEH-00617,Hyundai,Venue,S,Petrol,Ahmedabad,DLR-AMD-02,2026-01-11,Sold,1219000
VEH-00618,Tata,Tiago,XZ+,Petrol,Chennai,DLR-CHN-01,2025-01-19,In Stock,710000
VEH-00619,Maruti Suzuki,Swift,VXI,Petrol,Mumbai,DLR-MUM-01,2025-03-04,Sold,750000
VEH-00620,Tata,Nexon,Fearless+,Electric,Hyderabad,DLR-HYD-02,2026-03-11,Sold,1849000
VEH-00621,Hyundai,Venue,S,Petrol,Hyderabad,DLR-HYD-01,2025-10-13,Reserved,982000
VEH-00622,Hyundai,Creta,SX,Petrol,Delhi,DLR-DEL-01,2025-06-10,Sold,1654000
VEH-00623,Hyundai,Creta,SX,Petrol,Hyderabad,DLR-HYD-01,2025-11-15,Sold,1737000
VEH-00624,Hyundai,i20,Asta,Petrol,Gurgaon,DLR-GGN-01,2025-03-02,In Stock,842000
VEH-00625,Maruti Suzuki,Baleno,Zeta,Petrol,Delhi,DLR-DEL-02,2026-09-20,Sold,875000
VEH-00626,Maruti Suzuki,Swift,VXI,Petrol,Hyderabad,DLR-HYD-01,2025-05-04,Sold,652000
VEH-00627,Tata,Tiago,XZ+,Petrol,Chennai,DLR-CHN-01,2026-05-25,In Stock,648000
VEH-00628,Tata,Nexon,Creative,Petrol,Chennai,DLR-CHN-03,2025-09-24,Reserved,1065000
VEH-00629,Hyundai,Venue,S,Petrol,Chennai,DLR-CHN-02,2025-05-02,Sold,955000
VEH-00630,Hyundai,Creta,SX(O),Diesel,Delhi,DLR-DEL-03,2025-03-08,Sold,1819000
VEH-00631,Tata,Tiago,XZ+,Petrol,Hyderabad,DLR-HYD-01,2026-05-25,In Stock,676000
VEH-00632,Tata,Nexon,Fearless+,Electric,Pune,DLR-PUN-03,2025-06-21,Sold,1678000
VEH-00633,Maruti Suzuki,Brezza,ZXI,Petrol,Chennai,DLR-CHN-03,2026-11-23,Sold,1039000
VEH-00634,Maruti Suzuki,Ertiga,ZXI+,CNG,Delhi,DLR-DEL-01,2025-01-14,In Stock,1115000
VEH-00635,Maruti Suzuki,Swift,VXI,Petrol,Bengaluru,DLR-BLR-01,2025-07-04,Reserved,658000
VEH-00636,Tata,Nexon,Creative,Petrol,Gurgaon,DLR-GGN-02,2025-08-19,Reserved,1144000
VEH-00637,Maruti Suzuki,Ertiga,ZXI+,CNG,Gurgaon,DLR-GGN-02,2025-10-06,Reserved,1029000
VEH-00638,Tata,Punch,Adventure,Petrol,Pune,DLR-PUN-03,2025-02-24,In Stock,731000
VEH-00639,Maruti Suzuki,Ertiga,ZXI+,CNG,Delhi,DLR-DEL-01,2026-02-16,Sold,1025000
VEH-00640,Toyota,Innova Hycross,ZX,Hybrid,Ahmedabad,DLR-AMD-02,2025-12-03,Reserved,2368000
VEH-00641,Tata,Nexon,Creative,Petrol,Pune,DLR-PUN-01,2025-10-27,Sold,1268000
VEH-00642,Mahindra,Scorpio-N,Z8L,Diesel,Chennai,DLR-CHN-01,2026-04-22,Sold,2067000
VEH-00643,Tata,Punch,Adventure,Petrol,Delhi,DLR-DEL-01,2026-07-15,In Stock,765000
VEH-00644,Maruti Suzuki,Baleno,Zeta,Petrol,Gurgaon,DLR-GGN-01,2025-08-28,In Stock,858000
VEH-00645,Hyundai,Creta,SX(O),Diesel,Ahmedabad,DLR-AMD-01,2025-12-11,Sold,1551000
VEH-00646,Mahindra,Scorpio-N,Z8L,Diesel,Bengaluru,DLR-BLR-03,2025-11-12,Sold,1796000
VEH-00647,Maruti Suzuki,Brezza,ZXI,Petrol,Gurgaon,DLR-GGN-02,2026-05-20,Sold,1010000
VEH-00648,Skoda,Kushaq,Style,Petrol,Mumbai,DLR-MUM-02,2025-04-07,Sold,1334000
VEH-00649,Honda,City,ZX,Petrol,Gurgaon,DLR-GGN-02,2026-01-18,Sold,1514000
VEH-00650,Skoda,Kushaq,Style,Petrol,Pune,DLR-PUN-01,2026-06-03,Sold,1426000
VEH-00651,Tata,Punch,Adventure,Petrol,Bengaluru,DLR-BLR-03,2026-08-06,In Stock,671000
VEH-00652,Hyundai,i20,Asta,Petrol,Gurgaon,DLR-GGN-01,2025-10-27,In Stock,846000
VEH-00653,Kia,Seltos,HTX,Petrol,Gurgaon,DLR-GGN-02,2025-12-02,Sold,1442000
VEH-00654,Hyundai,i20,Asta,Petrol,Mumbai,DLR-MUM-01,2025-05-21,Sold,979000
VEH-00655,Mahindra,Scorpio-N,Z8L,Diesel,Pune,DLR-PUN-01,2025-06-19,Sold,2150000
VEH-00656,Tata,Nexon,Fearless+,Electric,Bengaluru,DLR-BLR-03,2026-01-03,Sold,1884000
VEH-00657,Maruti Suzuki,Brezza,ZXI,Petrol,Bengaluru,DLR-BLR-02,2025-05-04,In Stock,1026000
VEH-00658,Maruti Suzuki,Brezza,ZXI,Petrol,Chennai,DLR-CHN-03,2026-09-11,Sold,1000000
VEH-00659,Maruti Suzuki,Ertiga,ZXI+,CNG,Ahmedabad,DLR-AMD-01,2025-04-05,In Stock,1117000
VEH-00660,Skoda,Kushaq,Style,Petrol,Bengaluru,DLR-BLR-01,2026-11-26,Sold,1596000
VEH-00661,Hyundai,Creta,SX,Petrol,Gurgaon,DLR-GGN-01,2026-02-20,Sold,1817000
VEH-00662,Hyundai,i20,Asta,Petrol,Chennai,DLR-CHN-01,2025-04-08,Reserved,898000
VEH-00663,Maruti Suzuki,Baleno,Zeta,Petrol,Chennai,DLR-CHN-01,2025-01-14,Sold,735000
VEH-00664,Kia,Seltos,HTX,Petrol,Gurgaon,DLR-GGN-01,2025-07-23,In Stock,1701000
VEH-00665,Hyundai,Venue,S,Petrol,Chennai,DLR-CHN-03,2025-03-29,Sold,1238000
VEH-00666,Tata,Punch,Adventure,Petrol,Gurgaon,DLR-GGN-01,2025-01-24,In Stock,673000
VEH-00667,Maruti Suzuki,Brezza,ZXI,Petrol,Hyderabad,DLR-HYD-01,2025-04-06,Sold,1149000
VEH-00668,Maruti Suzuki,Baleno,Zeta,Petrol,Gurgaon,DLR-GGN-01,2025-06-23,Reserved,866000
VEH-00669,Hyundai,i20,Asta,Petrol,Chennai,DLR-CHN-02,2025-02-01,Sold,877000
VEH-00670,Tata,Tiago,XZ+,Petrol,Mumbai,DLR-MUM-01,2025-07-12,In Stock,630000
VEH-00671,Hyundai,Creta,SX,Petrol,Ahmedabad,DLR-AMD-01,2026-09-22,Sold,1697000
VEH-00672,Tata,Punch,Adventure,Petrol,Hyderabad,DLR-HYD-02,2026-02-27,In Stock,885000
VEH-00673,Maruti Suzuki,Swift,VXI,Petrol,Mumbai,DLR-MUM-01,2026-03-07,Sold,700000
VEH-00674,Tata,Tiago,XZ+,Petrol,Chennai,DLR-CHN-01,2026-10-09,In Stock,699000
VEH-00675,Mahindra,Thar,LX,Diesel,Gurgaon,DLR-GGN-02,2026-05-08,Sold,1977000
VEH-00676,Mahindra,Scorpio-N,Z8L,Diesel,Bengaluru,DLR-BLR-03,2026-05-31,Sold,2019000
VEH-00677,Hyundai,Venue,S,Petrol,Mumbai,DLR-MUM-02,2026-09-05,Sold,1052000
VEH-00678,Maruti Suzuki,Swift,VXI,Petrol,Ahmedabad,DLR-AMD-02,2025-03-02,Sold,769000
VEH-00679,Tata,Nexon,Creative,Petrol,Chennai,DLR-CHN-01,2025-06-14,Reserved,1031000
VEH-00680,Maruti Suzuki,Ertiga,ZXI+,CNG,Mumbai,DLR-MUM-03,2025-02-28,Reserved,1102000
VEH-00681,Tata,Punch,Adventure,Petrol,Gurgaon,DLR-GGN-02,2025-12-31,In Stock,728000
VEH-00682,Maruti Suzuki,Brezza,ZXI,Petrol,Hyderabad,DLR-HYD-02,2026-08-30,Sold,994000
VEH-00683,Tata,Tiago,XZ+,Petrol,Bengaluru,DLR-BLR-03,2026-08-02,In Stock,596000
VEH-00684,Tata,Punch,Adventure,Petrol,Mumbai,DLR-MUM-02,2026-07-11,In Stock,798000
VEH-00685,Maruti Suzuki,Brezza,ZXI,Petrol,Pune,DLR-PUN-01,2025-08-28,In Stock,1092000
VEH-00686,Maruti Suzuki,Swift,VXI,Petrol,Delhi,DLR-DEL-02,2026-09-22,Sold,700000
VEH-00687,Mahindra,Thar,LX,Diesel,Bengaluru,DLR-BLR-01,2025-11-29,Sold,1480000
VEH-00688,Maruti Suzuki,Swift,VXI,Petrol,Hyderabad,DLR-HYD-01,2025-04-25,Reserved,783000
VEH-00689,Kia,Seltos,HTX,Petrol,Gurgaon,DLR-GGN-02,2026-11-11,Sold,1482000
VEH-00690,Tata,Punch,Adventure,Petrol,Bengaluru,DLR-BLR-02,2025-05-21,In Stock,720000
VEH-00691,Mahindra,XUV700,AX7,Diesel,Delhi,DLR-DEL-03,2026-05-15,Sold,2554000
VEH-00692,Hyundai,Creta,SX,Petrol,Chennai,DLR-CHN-03,2026-09-22,Sold,1782000
VEH-00693,Hyundai,Creta,SX(O),Diesel,Hyderabad,DLR-HYD-01,2026-01-24,Sold,1864000
VEH-00694,Mahindra,XUV700,AX7,Diesel,Bengaluru,DLR-BLR-01,2025-01-03,Sold,2608000
VEH-00695,Volkswagen,Virtus,GT,Petrol,Bengaluru,DLR-BLR-03,2025-02-04,Sold,1473000
VEH-00696,Tata,Punch,Adventure,Petrol,Gurgaon,DLR-GGN-01,2026-10-18,In Stock,693000
VEH-00697,MG,Hector,Sharp,Petrol,Mumbai,DLR-MUM-03,2025-03-22,Sold,1863000
VEH-00698,Hyundai,Creta,SX(O),Diesel,Bengaluru,DLR-BLR-03,2025-04-02,Sold,1893000
VEH-00699,Hyundai,i20,Asta,Petrol,Mumbai,DLR-MUM-01,2025-03-12,Sold,869000
VEH-00700,Hyundai,Creta,SX,Petrol,Pune,DLR-PUN-01,2025-02-20,Sold,1577000
VEH-00701,Hyundai,i20,Asta,Petrol,Bengaluru,DLR-BLR-01,2026-03-01,Sold,906000
VEH-00702,Toyota,Innova Hycross,ZX,Hybrid,Bengaluru,DLR-BLR-02,2025-04-15,Sold,3128000
VEH-00703,Tata,Nexon,Fearless+,Electric,Ahmedabad,DLR-AMD-01,2025-06-17,Sold,1721000
VEH-00704,Maruti Suzuki,Swift,VXI,Petrol,Ahmedabad,DLR-AMD-02,2025-01-22,In Stock,730000
VEH-00705,Hyundai,Creta,SX,Petrol,Pune,DLR-PUN-02,2025-06-25,Sold,1834000
VEH-00706,Hyundai,Venue,S,Petrol,Chennai,DLR-CHN-03,2025-04-07,Reserved,1113000
VEH-00707,Tata,Punch,Adventure,Petrol,Hyderabad,DLR-HYD-02,2025-02-02,In Stock,860000
VEH-00708,MG,Hector,Sharp,Petrol,Mumbai,DLR-MUM-02,2025-06-11,Sold,1674000
VEH-00709,Maruti Suzuki,Baleno,Zeta,Petrol,Mumbai,DLR-MUM-01,2026-02-25,Sold,861000
VEH-00710,Mahindra,XUV700,AX7,Diesel,Chennai,DLR-CHN-02,2026-11-09,In Stock,2178000
VEH-00711,Hyundai,Creta,SX,Petrol,Pune,DLR-PUN-02,2026-08-10,Sold,1661000
VEH-00712,Kia,Seltos,HTX,Petrol,Mumbai,DLR-MUM-02,2025-01-05,Sold,1498000
VEH-00713,Maruti Suzuki,Baleno,Zeta,Petrol,Ahmedabad,DLR-AMD-02,2025-07-25,Sold,744000
VEH-00714,Maruti Suzuki,Swift,VXI,Petrol,Mumbai,DLR-MUM-02,2025-03-26,Sold,770000
VEH-00715,Kia,Seltos,HTX,Petrol,Bengaluru,DLR-BLR-02,2026-04-29,Sold,1530000
VEH-00716,Honda,City,ZX,Petrol,Mumbai,DLR-MUM-03,2026-07-13,In Stock,1478000
VEH-00717,Maruti Suzuki,Brezza,ZXI,Petrol,Ahmedabad,DLR-AMD-02,2025-07-12,In Stock,1208000
VEH-00718,Maruti Suzuki,Swift,VXI,Petrol,Delhi,DLR-DEL-02,2025-08-21,Sold,717000
VEH-00719,Tata,Punch,Adventure,Petrol,Mumbai,DLR-MUM-03,2026-11-16,In Stock,689000
VEH-00720,Maruti Suzuki,Baleno,Zeta,Petrol,Bengaluru,DLR-BLR-03,2026-03-01,Sold,870000
VEH-00721,Maruti Suzuki,Ertiga,ZXI+,CNG,Pune,DLR-PUN-02,2026-06-21,In Stock,1204000
VEH-00722,Volkswagen,Virtus,GT,Petrol,Chennai,DLR-CHN-02,2026-08-11,Sold,1831000
VEH-00723,Maruti Suzuki,Ertiga,ZXI+,CNG,Bengaluru,DLR-BLR-02,2025-02-06,Sold,1247000
VEH-00724,Tata,Punch,Adventure,Petrol,Delhi,DLR-DEL-03,2026-11-26,In Stock,715000
VEH-00725,Maruti Suzuki,Baleno,Zeta,Petrol,Chennai,DLR-CHN-01,2025-06-22,Sold,774000
VEH-00726,Mahindra,Thar,LX,Diesel,Mumbai,DLR-MUM-02,2025-03-23,Sold,1865000
VEH-00727,Maruti Suzuki,Brezza,ZXI,Petrol,Ahmedabad,DLR-AMD-01,2026-09-03,Sold,1112000
VEH-00728,Hyundai,Creta,SX,Petrol,Chennai,DLR-CHN-01,2025-04-01,Sold,1578000
VEH-00729,Tata,Nexon,Creative,Petrol,Delhi,DLR-DEL-02,2026-06-18,In Stock,1214000
VEH-00730,Honda,City,ZX,Petrol,Pune,DLR-PUN-03,2026-10-02,Sold,1580000
VEH-00731,Tata,Nexon,Creative,Petrol,Bengaluru,DLR-BLR-02,2025-06-04,Sold,1055000
VEH-00732,Tata,Punch,Adventure,Petrol,Hyderabad,DLR-HYD-01,2025-04-20,In Stock,691000
VEH-00733,Mahindra,Scorpio-N,Z8L,Diesel,Ahmedabad,DLR-AMD-02,2026-02-26,Sold,1960000
VEH-00734,Hyundai,Venue,S,Petrol,Delhi,DLR-DEL-03,2026-05-01,Sold,959000
VEH-00735,Maruti Suzuki,Brezza,ZXI,Petrol,Bengaluru,DLR-BLR-03,2026-09-17,Sold,1185000
VEH-00736,Maruti Suzuki,Swift,VXI,Petrol,Ahmedabad,DLR-AMD-02,2025-09-02,Sold,661000
VEH-00737,Mahindra,XUV700,AX7,Diesel,Gurgaon,DLR-GGN-02,2025-01-22,Sold,2235000
VEH-00738,Mahindra,Thar,LX,Diesel,Bengaluru,DLR-BLR-02,2026-05-20,Sold,1520000
VEH-00739,Skoda,Kushaq,Style,Petrol,Mumbai,DLR-MUM-02,2026-03-31,Sold,1618000
VEH-00740,Hyundai,Creta,SX,Petrol,Bengaluru,DLR-BLR-03,2025-04-03,Sold,1476000
VEH-00741,Hyundai,i20,Asta,Petrol,Gurgaon,DLR-GGN-02,2026-05-13,Sold,974000
VEH-00742,Tata,Nexon,Creative,Petrol,Bengaluru,DLR-BLR-01,2026-06-13,Sold,1061000
VEH-00743,Maruti Suzuki,Swift,VXI,Petrol,Chennai,DLR-CHN-02,2025-05-20,Reserved,783000
VEH-00744,Toyota,Innova Hycross,ZX,Hybrid,Pune,DLR-PUN-01,2025-07-26,Sold,3137000
VEH-00745,Maruti Suzuki,Swift,VXI,Petrol,Pune,DLR-PUN-01,2026-01-06,Sold,699000
VEH-00746,Hyundai,Creta,SX,Petrol,Ahmedabad,DLR-AMD-02,2026-10-14,Sold,1852000
VEH-00747,Maruti Suzuki,Baleno,Zeta,Petrol,Pune,DLR-PUN-02,2026-05-17,Sold,872000
VEH-00748,Hyundai,i20,Asta,Petrol,Gurgaon,DLR-GGN-02,2026-08-25,Sold,921000
VEH-00749,Hyundai,Creta,SX(O),Diesel,Mumbai,DLR-MUM-02,2025-04-04,Sold,1841000
VEH-00750,Maruti Suzuki,Swift,VXI,Petrol,Pune,DLR-PUN-03,2025-08-09,Reserved,705000
VEH-00751,Tata,Tiago,XZ+,Petrol,Hyderabad,DLR-HYD-02,2026-10-31,In Stock,664000
VEH-00752,Tata,Nexon,Creative,Petrol,Ahmedabad,DLR-AMD-01,2026-05-02,Sold,1047000
VEH-00753,Tata,Tiago,XZ+,Petrol,Hyderabad,DLR-HYD-01,2025-08-19,In Stock,624000
VEH-00754,Tata,Punch,Adventure,Petrol,Gurgaon,DLR-GGN-02,2026-03-11,In Stock,832000
VEH-00755,Kia,Seltos,HTX,Petrol,Delhi,DLR-DEL-01,2026-04-24,Sold,1434000
VEH-00756,Tata,Tiago,XZ+,Petrol,Ahmedabad,DLR-AMD-02,2026-08-23,In Stock,586000
VEH-00757,Maruti Suzuki,Swift,VXI,Petrol,Gurgaon,DLR-GGN-02,2026-07-30,Sold,721000
VEH-00758,Hyundai,Creta,SX,Petrol,Pune,DLR-PUN-01,2025-12-12,Sold,1886000
VEH-00759,Hyundai,Creta,SX,Petrol,Bengaluru,DLR-BLR-02,2025-09-26,Sold,1715000
VEH-00760,Tata,Tiago,XZ+,Petrol,Gurgaon,DLR-GGN-02,2025-07-13,In Stock,598000
VEH-00761,Tata,Nexon,Creative,Petrol,Mumbai,DLR-MUM-01,2026-09-08,Sold,1186000
VEH-00762,Tata,Tiago,XZ+,Petrol,Chennai,DLR-CHN-03,2025-01-28,In Stock,727000
VEH-00763,Tata,Nexon,Fearless+,Electric,Bengaluru,DLR-BLR-02,2026-02-20,Sold,1688000
VEH-00764,Mahindra,XUV700,AX7,Diesel,Hyderabad,DLR-HYD-01,2025-12-19,Reserved,2633000
VEH-00765,Tata,Tiago,XZ+,Petrol,Chennai,DLR-CHN-03,2026-05-04,In Stock,731000
VEH-00766,Hyundai,Creta,SX(O),Diesel,Bengaluru,DLR-BLR-01,2026-11-06,Sold,1735000
VEH-00767,Hyundai,Creta,SX,Petrol,Delhi,DLR-DEL-03,2025-09-23,Sold,1751000
VEH-00768,Mahindra,Thar,LX,Diesel,Chennai,DLR-CHN-01,2026-11-29,Sold,1763000
VEH-00769,Tata,Tiago,XZ+,Petrol,Mumbai,DLR-MUM-01,2025-11-12,In Stock,667000
VEH-00770,Mahindra,Scorpio-N,Z8L,Diesel,Bengaluru,DLR-BLR-02,2026-08-24,Sold,1991000
VEH-00771,Tata,Nexon,Fearless+,Electric,Pune,DLR-PUN-01,2026-10-13,Sold,1788000
VEH-00772,Tata,Punch,Adventure,Petrol,Hyderabad,DLR-HYD-02,2025-07-20,In Stock,896000
VEH-00773,Maruti Suzuki,Baleno,Zeta,Petrol,Chennai,DLR-CHN-03,2025-11-03,In Stock,825000
VEH-00774,Maruti Suzuki,Swift,VXI,Petrol,Ahmedabad,DLR-AMD-01,2025-07-26,Sold,736000
VEH-00775,Hyundai,Venue,S,Petrol,Delhi,DLR-DEL-02,2025-05-28,Sold,1101000
VEH-00776,Kia,Seltos,HTX,Petrol,Mumbai,DLR-MUM-01,2026-05-16,In Stock,1450000
VEH-00777,Tata,Punch,Adventure,Petrol,Mumbai,DLR-MUM-03,2025-03-02,In Stock,642000
VEH-00778,Hyundai,i20,Asta,Petrol,Mumbai,DLR-MUM-01,2026-08-15,Sold,975000
VEH-00779,Maruti Suzuki,Brezza,ZXI,Petrol,Chennai,DLR-CHN-01,2025-05-14,Sold,1202000
VEH-00780,Tata,Punch,Adventure,Petrol,Bengaluru,DLR-BLR-02,2026-01-29,In Stock,642000
VEH-00781,Maruti Suzuki,Swift,VXI,Petrol,Mumbai,DLR-MUM-02,2025-01-16,Sold,731000
VEH-00782,Mahindra,Scorpio-N,Z8L,Diesel,Delhi,DLR-DEL-01,2026-11-25,Sold,1694000
VEH-00783,Tata,Punch,Adventure,Petrol,Mumbai,DLR-MUM-03,2025-12-20,In Stock,799000
VEH-00784,Maruti Suzuki,Baleno,Zeta,Petrol,Bengaluru,DLR-BLR-03,2025-11-11,Sold,762000
VEH-00785,Maruti Suzuki,Swift,VXI,Petrol,Pune,DLR-PUN-02,2026-04-13,Sold,782000
VEH-00786,Tata,Punch,Adventure,Petrol,Bengaluru,DLR-BLR-03,2025-05-19,In Stock,815000
VEH-00787,BMW,3 Series,330Li,Petrol,Delhi,DLR-DEL-01,2025-06-19,Sold,5626000
VEH-00788,Maruti Suzuki,Swift,VXI,Petrol,Mumbai,DLR-MUM-01,2025-08-06,Reserved,654000
VEH-00789,Tata,Punch,Adventure,Petrol,Mumbai,DLR-MUM-02,2026-10-30,In Stock,659000
VEH-00790,Hyundai,Venue,S,Petrol,Hyderabad,DLR-HYD-01,2026-09-02,Sold,964000
VEH-00791,Tata,Tiago,XZ+,Petrol,Hyderabad,DLR-HYD-01,2025-02-20,In Stock,736000
VEH-00792,Maruti Suzuki,Baleno,Zeta,Petrol,Delhi,DLR-DEL-01,2026-07-16,Sold,784000
VEH-00793,Tata,Nexon,Fearless+,Electric,Mumbai,DLR-MUM-03,2026-10-09,Sold,1494000
VEH-00794,Hyundai,Creta,SX,Petrol,Hyderabad,DLR-HYD-02,2026-10-01,Sold,1690000
VEH-00795,Tata,Tiago,XZ+,Petrol,Bengaluru,DLR-BLR-01,2026-06-09,In Stock,718000
VEH-00796,Maruti Suzuki,Baleno,Zeta,Petrol,Pune,DLR-PUN-01,2026-05-26,Sold,770000
VEH-00797,Tata,Punch,Adventure,Petrol,Chennai,DLR-CHN-03,2025-07-27,In Stock,823000
VEH-00798,Tata,Tiago,XZ+,Petrol,Bengaluru,DLR-BLR-01,2026-07-17,In Stock,687000
VEH-00799,Honda,City,ZX,Petrol,Chennai,DLR-CHN-02,2025-12-06,Sold,1400000
VEH-00800,Maruti Suzuki,Swift,VXI,Petrol,Hyderabad,DLR-HYD-01,2026-08-12,Sold,775000
VEH-00801,Maruti Suzuki,Baleno,Zeta,Petrol,Pune,DLR-PUN-03,2025-03-19,Reserved,745000
VEH-00802,Honda,City,ZX,Petrol,Hyderabad,DLR-HYD-02,2025-11-01,Reserved,1415000
VEH-00803,Tata,Nexon,Fearless+,Electric,Pune,DLR-PUN-01,2025-02-11,Sold,1638000
VEH-00804,Hyundai,Creta,SX(O),Diesel,Hyderabad,DLR-HYD-02,2025-04-30,Sold,1647000
VEH-00805,Kia,Seltos,HTX,Petrol,Gurgaon,DLR-GGN-01,2025-05-23,Sold,1619000
VEH-00806,Tata,Tiago,XZ+,Petrol,Bengaluru,DLR-BLR-02,2026-09-30,In Stock,628000
VEH-00807,Toyota,Innova Hycross,ZX,Hybrid,Pune,DLR-PUN-02,2025-07-08,Sold,2396000
VEH-00808,Hyundai,Venue,S,Petrol,Gurgaon,DLR-GGN-02,2026-01-31,Sold,1184000
VEH-00809,Mahindra,Thar,LX,Diesel,Hyderabad,DLR-HYD-01,2025-04-27,Sold,1555000
VEH-00810,Tata,Tiago,XZ+,Petrol,Pune,DLR-PUN-01,2025-04-18,In Stock,666000
VEH-00811,Honda,City,ZX,Petrol,Delhi,DLR-DEL-03,2026-11-27,Sold,1504000
VEH-00812,Maruti Suzuki,Brezza,ZXI,Petrol,Bengaluru,DLR-BLR-02,2026-09-20,Sold,994000
VEH-00813,Kia,Seltos,HTX,Petrol,Ahmedabad,DLR-AMD-01,2026-05-11,Sold,1751000
VEH-00814,Tata,Nexon,Fearless+,Electric,Ahmedabad,DLR-AMD-02,2025-02-18,Sold,1522000
VEH-00815,Hyundai,Creta,SX,Petrol,Bengaluru,DLR-BLR-03,2026-11-27,Sold,1648000
VEH-00816,Mahindra,Scorpio-N,Z8L,Diesel,Hyderabad,DLR-HYD-01,2026-11-18,Sold,2036000
VEH-00817,Tata,Nexon,Creative,Petrol,Chennai,DLR-CHN-03,2025-04-09,Sold,1201000
VEH-00818,Tata,Tiago,XZ+,Petrol,Mumbai,DLR-MUM-02,2026-11-12,In Stock,733000
VEH-00819,Tata,Tiago,XZ+,Petrol,Mumbai,DLR-MUM-03,2026-09-21,In Stock,573000
VEH-00820,Maruti Suzuki,Swift,VXI,Petrol,Gurgaon,DLR-GGN-02,2026-05-24,Sold,691000
VEH-00821,Maruti Suzuki,Swift,VXI,Petrol,Delhi,DLR-DEL-01,2025-12-06,Sold,720000
VEH-00822,Maruti Suzuki,Swift,VXI,Petrol,Mumbai,DLR-MUM-03,2026-01-24,Sold,752000
VEH-00823,Mahindra,Thar,LX,Diesel,Pune,DLR-PUN-02,2026-08-11,Sold,1878000
VEH-00824,Maruti Suzuki,Baleno,Zeta,Petrol,Delhi,DLR-DEL-02,2025-05-03,Sold,847000
VEH-00825,Mahindra,XUV700,AX7,Diesel,Pune,DLR-PUN-02,2026-02-28,Sold,1926000
VEH-00826,Tata,Nexon,Creative,Petrol,Pune,DLR-PUN-01,2026-09-12,Sold,1296000
VEH-00827,Tata,Punch,Adventure,Petrol,Gurgaon,DLR-GGN-01,2026-11-03,In Stock,873000
VEH-00828,Volkswagen,Virtus,GT,Petrol,Bengaluru,DLR-BLR-01,2025-08-18,Sold,1812000
VEH-00829,Hyundai,i20,Asta,Petrol,Delhi,DLR-DEL-03,2026-09-08,Sold,901000
VEH-00830,Tata,Tiago,XZ+,Petrol,Bengaluru,DLR-BLR-02,2025-04-28,In Stock,584000
VEH-00831,Mahindra,Scorpio-N,Z8L,Diesel,Mumbai,DLR-MUM-02,2025-12-31,Sold,2338000
VEH-00832,Volkswagen,Virtus,GT,Petrol,Bengaluru,DLR-BLR-03,2026-01-19,Sold,1739000
VEH-00833,Maruti Suzuki,Baleno,Zeta,Petrol,Gurgaon,DLR-GGN-02,2025-05-25,Sold,824000
VEH-00834,Maruti Suzuki,Baleno,Zeta,Petrol,Hyderabad,DLR-HYD-01,2025-05-05,Sold,820000
VEH-00835,Maruti Suzuki,Ertiga,ZXI+,CNG,Ahmedabad,DLR-AMD-01,2025-12-14,Sold,1045000
VEH-00836,Mahindra,Scorpio-N,Z8L,Diesel,Pune,DLR-PUN-03,2026-11-21,Sold,2292000
VEH-00837,Maruti Suzuki,Baleno,Zeta,Petrol,Gurgaon,DLR-GGN-02,2026-11-07,Sold,870000
VEH-00838,Volkswagen,Virtus,GT,Petrol,Mumbai,DLR-MUM-02,2025-01-06,In Stock,1651000
VEH-00839,Mahindra,XUV700,AX7,Diesel,Delhi,DLR-DEL-02,2026-08-24,Sold,2384000
VEH-00840,Honda,City,ZX,Petrol,Chennai,DLR-CHN-01,2026-08-17,Sold,1368000
VEH-00841,Mahindra,XUV700,AX7,Diesel,Mumbai,DLR-MUM-02,2026-11-06,Sold,2504000
VEH-00842,Tata,Punch,Adventure,Petrol,Bengaluru,DLR-BLR-02,2026-03-06,In Stock,767000
VEH-00843,Hyundai,Creta,SX,Petrol,Gurgaon,DLR-GGN-02,2026-04-10,Sold,1792000
VEH-00844,Maruti Suzuki,Baleno,Zeta,Petrol,Bengaluru,DLR-BLR-03,2026-06-10,Sold,796000
VEH-00845,Kia,Seltos,HTX,Petrol,Delhi,DLR-DEL-02,2026-07-22,Sold,1603000
VEH-00846,Maruti Suzuki,Ertiga,ZXI+,CNG,Mumbai,DLR-MUM-03,2025-10-26,Sold,1166000
VEH-00847,Honda,City,ZX,Petrol,Mumbai,DLR-MUM-03,2026-10-29,Sold,1371000
VEH-00848,Tata,Nexon,Fearless+,Electric,Chennai,DLR-CHN-02,2025-04-30,Sold,1879000
VEH-00849,Hyundai,Creta,SX(O),Diesel,Delhi,DLR-DEL-03,2026-11-16,Sold,1977000
VEH-00850,Tata,Tiago,XZ+,Petrol,Gurgaon,DLR-GGN-02,2026-03-10,In Stock,563000
VEH-00851,Tata,Nexon,Creative,Petrol,Pune,DLR-PUN-01,2025-02-25,Sold,1323000
VEH-00852,Maruti Suzuki,Swift,VXI,Petrol,Mumbai,DLR-MUM-01,2025-10-22,In Stock,713000
VEH-00853,Maruti Suzuki,Baleno,Zeta,Petrol,Pune,DLR-PUN-02,2025-07-29,In Stock,858000
VEH-00854,Maruti Suzuki,Swift,VXI,Petrol,Ahmedabad,DLR-AMD-01,2026-09-24,Sold,706000
VEH-00855,Mahindra,XUV700,AX7,Diesel,Delhi,DLR-DEL-01,2026-06-09,Sold,2602000
VEH-00856,Hyundai,Creta,SX,Petrol,Hyderabad,DLR-HYD-02,2026-02-02,Sold,1593000
VEH-00857,Volkswagen,Virtus,GT,Petrol,Gurgaon,DLR-GGN-02,2026-07-21,Sold,1407000
VEH-00858,Maruti Suzuki,Swift,VXI,Petrol,Mumbai,DLR-MUM-03,2026-03-31,Sold,706000
VEH-00859,Honda,City,ZX,Petrol,Chennai,DLR-CHN-03,2026-01-13,In Stock,1666000
VEH-00860,Tata,Punch,Adventure,Petrol,Chennai,DLR-CHN-01,2025-07-19,In Stock,790000
VEH-00861,Hyundai,i20,Asta,Petrol,Gurgaon,DLR-GGN-01,2025-07-12,Sold,824000
VEH-00862,Mahindra,XUV700,AX7,Diesel,Pune,DLR-PUN-01,2026-03-16,Sold,2175000
VEH-00863,Tata,Nexon,Creative,Petrol,Mumbai,DLR-MUM-03,2025-09-20,Sold,982000
VEH-00864,Hyundai,Creta,SX(O),Diesel,Chennai,DLR-CHN-01,2025-02-11,Sold,1707000
VEH-00865,MG,Hector,Sharp,Petrol,Hyderabad,DLR-HYD-02,2026-05-19,In Stock,2206000
VEH-00866,Tata,Nexon,Creative,Petrol,Pune,DLR-PUN-03,2025-11-23,Sold,1249000
VEH-00867,Maruti Suzuki,Ertiga,ZXI+,CNG,Mumbai,DLR-MUM-01,2026-06-03,Sold,1071000
VEH-00868,Hyundai,Venue,S,Petrol,Delhi,DLR-DEL-01,2025-12-25,Sold,1053000
VEH-00869,Toyota,Innova Hycross,ZX,Hybrid,Hyderabad,DLR-HYD-02,2026-01-06,Sold,2580000
VEH-00870,Maruti Suzuki,Ertiga,ZXI+,CNG,Chennai,DLR-CHN-03,2026-05-03,Sold,1277000
VEH-00871,Kia,Seltos,HTX,Petrol,Gurgaon,DLR-GGN-01,2025-04-29,Sold,1622000
VEH-00872,Hyundai,Creta,SX(O),Diesel,Mumbai,DLR-MUM-03,2026-09-22,Sold,1799000
VEH-00873,Volkswagen,Virtus,GT,Petrol,Chennai,DLR-CHN-02,2026-01-27,Sold,1848000
VEH-00874,Mahindra,Thar,LX,Diesel,Pune,DLR-PUN-02,2026-07-09,Sold,1709000
VEH-00875,Maruti Suzuki,Swift,VXI,Petrol,Delhi,DLR-DEL-02,2026-06-12,Sold,779000
VEH-00876,Hyundai,i20,Asta,Petrol,Pune,DLR-PUN-03,2025-07-18,Sold,862000
VEH-00877,Tata,Nexon,Creative,Petrol,Gurgaon,DLR-GGN-01,2026-07-06,Sold,1253000
VEH-00878,Maruti Suzuki,Swift,VXI,Petrol,Pune,DLR-PUN-03,2026-10-08,Sold,703000
VEH-00879,Kia,Seltos,HTX,Petrol,Delhi,DLR-DEL-01,2025-07-31,In Stock,1555000
VEH-00880,Kia,Seltos,HTX,Petrol,Ahmedabad,DLR-AMD-02,2026-10-26,Sold,1698000
VEH-00881,MG,Hector,Sharp,Petrol,Chennai,DLR-CHN-01,2025-01-26,Reserved,2090000
VEH-00882,Tata,Tiago,XZ+,Petrol,Pune,DLR-PUN-01,2025-02-26,In Stock,605000
VEH-00883,Mahindra,Thar,LX,Diesel,Delhi,DLR-DEL-03,2025-08-23,Sold,1684000
VEH-00884,Hyundai,Venue,S,Petrol,Delhi,DLR-DEL-02,2026-03-21,Sold,1101000
VEH-00885,Maruti Suzuki,Swift,VXI,Petrol,Hyderabad,DLR-HYD-01,2026-10-20,Sold,665000
VEH-00886,Mahindra,XUV700,AX7,Diesel,Hyderabad,DLR-HYD-01,2026-01-03,Sold,2404000
VEH-00887,Maruti Suzuki,Baleno,Zeta,Petrol,Chennai,DLR-CHN-02,2026-09-15,Sold,742000
VEH-00888,Hyundai,Creta,SX,Petrol,Gurgaon,DLR-GGN-02,2026-02-10,Sold,1800000
VEH-00889,Tata,Tiago,XZ+,Petrol,Delhi,DLR-DEL-03,2025-08-15,In Stock,594000
VEH-00890,Mahindra,XUV700,AX7,Diesel,Chennai,DLR-CHN-03,2025-10-31,Sold,2539000
VEH-00891,Maruti Suzuki,Baleno,Zeta,Petrol,Hyderabad,DLR-HYD-02,2025-01-13,Sold,861000
VEH-00892,Toyota,Innova Hycross,ZX,Hybrid,Mumbai,DLR-MUM-01,2025-01-07,Sold,2866000
VEH-00893,Tata,Punch,Adventure,Petrol,Delhi,DLR-DEL-01,2025-11-10,In Stock,747000
VEH-00894,Mahindra,XUV700,AX7,Diesel,Gurgaon,DLR-GGN-02,2025-08-06,Sold,2312000
VEH-00895,Honda,City,ZX,Petrol,Ahmedabad,DLR-AMD-01,2025-06-15,Reserved,1374000
VEH-00896,Maruti Suzuki,Ertiga,ZXI+,CNG,Ahmedabad,DLR-AMD-01,2025-04-29,Sold,1082000
VEH-00897,Tata,Tiago,XZ+,Petrol,Delhi,DLR-DEL-01,2026-07-18,In Stock,678000
VEH-00898,Tata,Tiago,XZ+,Petrol,Pune,DLR-PUN-03,2025-03-11,In Stock,624000
VEH-00899,Maruti Suzuki,Baleno,Zeta,Petrol,Chennai,DLR-CHN-02,2025-12-06,Sold,811000
VEH-00900,Maruti Suzuki,Baleno,Zeta,Petrol,Hyderabad,DLR-HYD-01,2025-10-20,Sold,878000
VEH-00901,Maruti Suzuki,Swift,VXI,Petrol,Mumbai,DLR-MUM-02,2026-04-08,Sold,733000
VEH-00902,Tata,Punch,Adventure,Petrol,Bengaluru,DLR-BLR-03,2025-06-07,In Stock,826000
VEH-00903,Mahindra,Thar,LX,Diesel,Gurgaon,DLR-GGN-01,2025-01-06,Sold,1740000
VEH-00904,Maruti Suzuki,Ertiga,ZXI+,CNG,Mumbai,DLR-MUM-03,2026-10-20,Sold,1213000
VEH-00905,Hyundai,Creta,SX,Petrol,Bengaluru,DLR-BLR-03,2025-12-07,Sold,1829000
VEH-00906,Tata,Nexon,Fearless+,Electric,Delhi,DLR-DEL-02,2026-05-15,Sold,1772000
VEH-00907,Maruti Suzuki,Baleno,Zeta,Petrol,Hyderabad,DLR-HYD-01,2025-10-16,Sold,755000
VEH-00908,Toyota,Innova Hycross,ZX,Hybrid,Mumbai,DLR-MUM-03,2026-10-05,Sold,2358000
VEH-00909,Mahindra,XUV700,AX7,Diesel,Gurgaon,DLR-GGN-01,2026-08-20,In Stock,2482000
VEH-00910,Hyundai,Venue,S,Petrol,Hyderabad,DLR-HYD-01,2026-07-20,Sold,1073000
VEH-00911,Tata,Nexon,Creative,Petrol,Gurgaon,DLR-GGN-02,2026-11-02,Sold,1376000
VEH-00912,Maruti Suzuki,Baleno,Zeta,Petrol,Bengaluru,DLR-BLR-03,2025-10-26,Sold,754000
VEH-00913,Tata,Nexon,Fearless+,Electric,Delhi,DLR-DEL-02,2026-01-09,Sold,1747000
VEH-00914,Maruti Suzuki,Swift,VXI,Petrol,Mumbai,DLR-MUM-03,2025-06-20,Sold,780000
VEH-00915,Maruti Suzuki,Baleno,Zeta,Petrol,Mumbai,DLR-MUM-03,2026-08-04,Sold,888000
VEH-00916,Toyota,Innova Hycross,ZX,Hybrid,Mumbai,DLR-MUM-03,2026-05-12,Sold,3241000
VEH-00917,Hyundai,Creta,SX(O),Diesel,Mumbai,DLR-MUM-02,2025-08-27,Sold,1614000
VEH-00918,Hyundai,Creta,SX,Petrol,Mumbai,DLR-MUM-03,2025-08-01,Sold,1645000
VEH-00919,Honda,City,ZX,Petrol,Bengaluru,DLR-BLR-02,2026-04-12,Sold,1303000
VEH-00920,Maruti Suzuki,Swift,VXI,Petrol,Hyderabad,DLR-HYD-01,2026-06-19,Sold,719000
VEH-00921,Kia,Seltos,HTX,Petrol,Mumbai,DLR-MUM-03,2026-08-08,Sold,1369000
VEH-00922,Hyundai,Venue,S,Petrol,Bengaluru,DLR-BLR-03,2026-11-02,Sold,979000
VEH-00923,Tata,Nexon,Creative,Petrol,Bengaluru,DLR-BLR-01,2026-06-14,Sold,1187000
VEH-00924,Hyundai,Creta,SX(O),Diesel,Ahmedabad,DLR-AMD-02,2026-05-10,Sold,1556000
VEH-00925,Tata,Nexon,Fearless+,Electric,Mumbai,DLR-MUM-01,2025-08-25,Sold,1529000
VEH-00926,Tata,Nexon,Creative,Petrol,Bengaluru,DLR-BLR-01,2025-07-12,Reserved,1060000
VEH-00927,Hyundai,Creta,SX(O),Diesel,Chennai,DLR-CHN-01,2026-11-09,Sold,1785000
VEH-00928,Hyundai,Venue,S,Petrol,Bengaluru,DLR-BLR-01,2026-05-10,Sold,1285000
VEH-00929,Tata,Nexon,Fearless+,Electric,Mumbai,DLR-MUM-01,2026-10-26,Sold,1700000
VEH-00930,Maruti Suzuki,Swift,VXI,Petrol,Pune,DLR-PUN-03,2026-08-31,In Stock,690000
VEH-00931,Maruti Suzuki,Baleno,Zeta,Petrol,Delhi,DLR-DEL-03,2025-06-01,Reserved,734000
VEH-00932,Maruti Suzuki,Brezza,ZXI,Petrol,Gurgaon,DLR-GGN-02,2026-09-07,Sold,1268000
VEH-00933,Tata,Punch,Adventure,Petrol,Ahmedabad,DLR-AMD-02,2025-03-30,In Stock,750000
VEH-00934,Hyundai,i20,Asta,Petrol,Gurgaon,DLR-GGN-02,2025-06-25,In Stock,836000
VEH-00935,Kia,Seltos,HTX,Petrol,Hyderabad,DLR-HYD-01,2026-10-02,Sold,1617000
VEH-00936,Tata,Nexon,Fearless+,Electric,Mumbai,DLR-MUM-03,2025-12-18,Sold,1722000
VEH-00937,Tata,Punch,Adventure,Petrol,Pune,DLR-PUN-02,2026-01-31,In Stock,707000
VEH-00938,Maruti Suzuki,Baleno,Zeta,Petrol,Mumbai,DLR-MUM-03,2026-03-07,Sold,758000
VEH-00939,Tata,Punch,Adventure,Petrol,Mumbai,DLR-MUM-03,2026-09-08,In Stock,659000
VEH-00940,Toyota,Innova Hycross,ZX,Hybrid,Delhi,DLR-DEL-01,2025-04-07,Reserved,2773000
VEH-00941,Tata,Tiago,XZ+,Petrol,Gurgaon,DLR-GGN-01,2026-11-27,In Stock,726000
VEH-00942,Hyundai,i20,Asta,Petrol,Delhi,DLR-DEL-01,2026-06-28,Sold,889000
VEH-00943,Maruti Suzuki,Ertiga,ZXI+,CNG,Ahmedabad,DLR-AMD-02,2025-12-26,Sold,1284000
VEH-00944,Maruti Suzuki,Baleno,Zeta,Petrol,Mumbai,DLR-MUM-02,2025-08-28,Sold,741000
VEH-00945,Hyundai,Creta,SX,Petrol,Ahmedabad,DLR-AMD-02,2025-09-22,Sold,1476000
VEH-00946,Maruti Suzuki,Swift,VXI,Petrol,Chennai,DLR-CHN-01,2026-08-16,In Stock,782000
VEH-00947,Maruti Suzuki,Baleno,Zeta,Petrol,Pune,DLR-PUN-03,2025-07-31,Sold,800000
VEH-00948,Hyundai,Venue,S,Petrol,Pune,DLR-PUN-02,2026-10-31,Sold,1239000
VEH-00949,Maruti Suzuki,Ertiga,ZXI+,CNG,Ahmedabad,DLR-AMD-02,2026-08-03,Sold,1177000
VEH-00950,Tata,Punch,Adventure,Petrol,Gurgaon,DLR-GGN-02,2025-07-29,In Stock,851000
VEH-00951,Tata,Nexon,Creative,Petrol,Delhi,DLR-DEL-01,2026-01-16,Sold,1266000
VEH-00952,Tata,Nexon,Creative,Petrol,Mumbai,DLR-MUM-02,2026-08-16,Sold,1156000
VEH-00953,Mahindra,Scorpio-N,Z8L,Diesel,Bengaluru,DLR-BLR-01,2026-11-08,Sold,1811000
VEH-00954,Mahindra,XUV700,AX7,Diesel,Delhi,DLR-DEL-03,2025-06-16,Sold,1992000
VEH-00955,Maruti Suzuki,Ertiga,ZXI+,CNG,Bengaluru,DLR-BLR-02,2026-07-19,Sold,1016000
VEH-00956,Maruti Suzuki,Brezza,ZXI,Petrol,Gurgaon,DLR-GGN-01,2025-04-05,Sold,1054000
VEH-00957,Tata,Nexon,Fearless+,Electric,Hyderabad,DLR-HYD-01,2025-03-08,Sold,1624000
VEH-00958,Maruti Suzuki,Ertiga,ZXI+,CNG,Pune,DLR-PUN-01,2026-01-30,Sold,1195000
VEH-00959,Tata,Punch,Adventure,Petrol,Delhi,DLR-DEL-03,2026-09-05,In Stock,669000
VEH-00960,MG,Hector,Sharp,Petrol,Ahmedabad,DLR-AMD-02,2026-03-27,Sold,1630000
VEH-00961,Maruti Suzuki,Brezza,ZXI,Petrol,Hyderabad,DLR-HYD-02,2025-07-20,Sold,997000
VEH-00962,Mahindra,Scorpio-N,Z8L,Diesel,Delhi,DLR-DEL-03,2025-08-27,Sold,2319000
VEH-00963,Maruti Suzuki,Brezza,ZXI,Petrol,Pune,DLR-PUN-01,2026-11-03,Sold,980000
VEH-00964,Skoda,Kushaq,Style,Petrol,Pune,DLR-PUN-02,2026-02-15,Sold,1651000
VEH-00965,Tata,Tiago,XZ+,Petrol,Bengaluru,DLR-BLR-01,2026-06-16,In Stock,563000
VEH-00966,Mahindra,XUV700,AX7,Diesel,Pune,DLR-PUN-01,2026-07-18,Sold,2181000
VEH-00967,Mahindra,XUV700,AX7,Diesel,Delhi,DLR-DEL-03,2025-12-24,In Stock,2245000
VEH-00968,Volkswagen,Virtus,GT,Petrol,Mumbai,DLR-MUM-03,2025-07-20,Sold,1612000
VEH-00969,MG,Hector,Sharp,Petrol,Hyderabad,DLR-HYD-02,2025-06-30,Sold,2036000
VEH-00970,Tata,Nexon,Fearless+,Electric,Delhi,DLR-DEL-03,2025-10-30,Sold,1664000
VEH-00971,MG,Hector,Sharp,Petrol,Ahmedabad,DLR-AMD-02,2026-07-06,Sold,2208000
VEH-00972,Maruti Suzuki,Ertiga,ZXI+,CNG,Delhi,DLR-DEL-02,2026-08-01,In Stock,1237000
VEH-00973,Mahindra,Scorpio-N,Z8L,Diesel,Chennai,DLR-CHN-02,2026-04-18,Sold,2290000
VEH-00974,Kia,Seltos,HTX,Petrol,Delhi,DLR-DEL-02,2025-03-12,Sold,1475000
VEH-00975,Tata,Punch,Adventure,Petrol,Gurgaon,DLR-GGN-01,2025-11-21,In Stock,851000
VEH-00976,Volkswagen,Virtus,GT,Petrol,Delhi,DLR-DEL-01,2025-09-28,Sold,1507000
VEH-00977,Hyundai,Creta,SX,Petrol,Bengaluru,DLR-BLR-03,2025-12-18,Sold,1418000
VEH-00978,Tata,Nexon,Creative,Petrol,Mumbai,DLR-MUM-02,2025-12-30,Sold,1091000
VEH-00979,Toyota,Innova Hycross,ZX,Hybrid,Mumbai,DLR-MUM-03,2025-07-15,Reserved,2790000
VEH-00980,Mahindra,XUV700,AX7,Diesel,Mumbai,DLR-MUM-01,2025-09-30,Sold,2101000
VEH-00981,Maruti Suzuki,Ertiga,ZXI+,CNG,Ahmedabad,DLR-AMD-02,2025-06-10,In Stock,1044000
VEH-00982,Maruti Suzuki,Baleno,Zeta,Petrol,Pune,DLR-PUN-03,2026-05-21,Sold,877000
VEH-00983,Maruti Suzuki,Swift,VXI,Petrol,Ahmedabad,DLR-AMD-01,2026-05-10,Sold,744000
VEH-00984,Tata,Punch,Adventure,Petrol,Delhi,DLR-DEL-03,2025-10-10,In Stock,891000
VEH-00985,Maruti Suzuki,Brezza,ZXI,Petrol,Chennai,DLR-CHN-03,2025-10-15,Sold,1183000
VEH-00986,Maruti Suzuki,Ertiga,ZXI+,CNG,Hyderabad,DLR-HYD-01,2026-06-24,Sold,1206000
VEH-00987,Tata,Nexon,Fearless+,Electric,Delhi,DLR-DEL-03,2025-12-23,Sold,1691000
VEH-00988,Kia,Seltos,HTX,Petrol,Chennai,DLR-CHN-02,2025-05-05,Sold,1637000
VEH-00989,Tata,Nexon,Creative,Petrol,Bengaluru,DLR-BLR-01,2025-01-14,Sold,1325000
VEH-00990,Maruti Suzuki,Ertiga,ZXI+,CNG,Hyderabad,DLR-HYD-02,2026-01-07,Sold,1122000
VEH-00991,Maruti Suzuki,Brezza,ZXI,Petrol,Mumbai,DLR-MUM-02,2026-04-29,Sold,1155000
VEH-00992,Hyundai,Creta,SX(O),Diesel,Delhi,DLR-DEL-01,2026-03-07,Sold,1931000
VEH-00993,Hyundai,Creta,SX(O),Diesel,Bengaluru,DLR-BLR-02,2025-07-05,Sold,1684000
VEH-00994,Skoda,Kushaq,Style,Petrol,Chennai,DLR-CHN-01,2025-10-05,Sold,1531000
VEH-00995,Tata,Nexon,Creative,Petrol,Ahmedabad,DLR-AMD-01,2025-05-31,Sold,1358000
VEH-00996,Maruti Suzuki,Baleno,Zeta,Petrol,Ahmedabad,DLR-AMD-01,2026-03-09,In Stock,847000
VEH-00997,Maruti Suzuki,Baleno,Zeta,Petrol,Gurgaon,DLR-GGN-02,2026-05-15,Sold,796000
VEH-00998,Maruti Suzuki,Ertiga,ZXI+,CNG,Ahmedabad,DLR-AMD-01,2026-02-13,Sold,1040000
VEH-00999,Tata,Tiago,XZ+,Petrol,Pune,DLR-PUN-02,2026-05-04,In Stock,721000
VEH-01000,Maruti Suzuki,Baleno,Zeta,Petrol,Chennai,DLR-CHN-02,2026-01-06,Sold,812000
